Compound,Date,Negative,Neutral,Positive,Tweet Text,Tweets Ago,User
-0.7351,Wed Jun 27 20:01:05 +0000 2018,0.733,0.267,0.0,"A raw and unfiltered insight into the bloodiest conflict since the Second World War.

Storyville: This is Congo | 1‚Ä¶ https://t.co/8biUiR6fAI",1,@BBC
0.4404,Wed Jun 27 19:02:01 +0000 2018,0.637,0.121,0.242,"üòÇ  @Cher's ""criminal"" past is üò≥...
#TheGNShow https://t.co/O3bSFbOaO9",2,@BBC
0.0,Wed Jun 27 18:00:25 +0000 2018,1.0,0.0,0.0,üéß Can you believe DJ Switch only started DJ-ing a year ago? https://t.co/b5CY3vEX7Q,3,@BBC
-0.4215,Wed Jun 27 16:04:05 +0000 2018,0.741,0.259,0.0,Something deadly lies beneath the ice in Iceland... https://t.co/IqWwmtfTkk,4,@BBC
0.0,Wed Jun 27 15:09:27 +0000 2018,1.0,0.0,0.0,"üï∫ *Knight Fever* 

Bee Gee Sir Barry Gibb paid tribute to his late brothers as he collected his knighthood on Tuesd‚Ä¶ https://t.co/LLIHYKRfhR",5,@BBC
0.0,Wed Jun 27 14:42:13 +0000 2018,1.0,0.0,0.0,RT @bbccomedy: Some writing advice from an expert... #NationalWritingDay @RealMattLucas @davidwalliams https://t.co/lz2MQzpvKY,6,@BBC
0.0,Wed Jun 27 13:05:07 +0000 2018,1.0,0.0,0.0,"French butchers have written to the government asking for protection against militant vegans.
üëâ‚Ä¶ https://t.co/6pgMQ46tUR",7,@BBC
-0.5106,Wed Jun 27 11:52:00 +0000 2018,0.65,0.35,0.0,‚òïÔ∏è How a simple change is cutting coffee cup waste https://t.co/kkbcSZvFn3,8,@BBC
0.9403,Wed Jun 27 11:39:52 +0000 2018,0.536,0.0,0.464,"RT @BBCBreakfast: Dear Summer, ‚òÄÔ∏è
We're enjoying this lovely weather. Can you stay?
Lots of love - The entire UK x
#heatwave https://t.co/g‚Ä¶",9,@BBC
0.0,Wed Jun 27 11:03:04 +0000 2018,1.0,0.0,0.0,"ü¶îüßô Did you know people used to think hedgehogs were witches?

Here are nine things you might not know about the hum‚Ä¶ https://t.co/Wj7a5idS4m",10,@BBC
0.0,Wed Jun 27 09:30:20 +0000 2018,1.0,0.0,0.0,"üòê This is what happens when you hire an arts and crafts teacher to freshen up a 16th-Century wooden sculpture.
üëâ‚Ä¶ https://t.co/qVNcgsGM8C",11,@BBC
0.6114,Wed Jun 27 08:47:40 +0000 2018,0.756,0.05,0.194,RT @BBCArchive: Computer geeks - this is your lucky day! You can now watch all 146 original programmes and run 161 programs from the 1980s‚Ä¶,12,@BBC
0.0,Wed Jun 27 08:01:05 +0000 2018,1.0,0.0,0.0,üëü @MumsnetTowers founder @Justine_Roberts on why you should always wear trainers to work. https://t.co/FgTPRo5Agm,13,@BBC
0.5106,Wed Jun 27 07:29:04 +0000 2018,0.809,0.047,0.145,"üò¥ The colour cyan - between green and blue - is a hidden factor in encouraging or preventing sleep, according to bi‚Ä¶ https://t.co/HogBXzm2Y5",14,@BBC
0.4939,Wed Jun 27 07:01:05 +0000 2018,0.856,0.0,0.144,Inside the community where people with learning disabilities and the people who care for them live and work togethe‚Ä¶ https://t.co/LurfYqtc84,15,@BBC
0.0,Tue Jun 26 21:20:15 +0000 2018,1.0,0.0,0.0,"RT @BBC6Music: Did @kanyewest and @theweeknd ""blatantly"" rip off @nineinchnails' live show?

Weds, Noon BST: Nine Inch Nails' @trent_reznor‚Ä¶",16,@BBC
0.0,Tue Jun 26 19:05:08 +0000 2018,1.0,0.0,0.0,"üòéüî•üç¶ Hot temperatures in the UK are expected to last until the weekend.
üëâ https://t.co/ZhZVaKJuqf

#HeatwaveUK https://t.co/smTw2ule2v",17,@BBC
0.296,Tue Jun 26 18:03:06 +0000 2018,0.792,0.074,0.134,"Tonight, @itsanitarani and @bbcnickrobinson ask tough questions about the NHS in a special live event. 

 NHS at 70‚Ä¶ https://t.co/Wu4ECf7qic",18,@BBC
0.0,Tue Jun 26 17:02:02 +0000 2018,1.0,0.0,0.0,How would you feel if the builder only made you half a house? https://t.co/yaWB0USzex,19,@BBC
0.0,Tue Jun 26 16:33:41 +0000 2018,1.0,0.0,0.0,"RT @bbcwritersroom: Tomorrow, Wednesday 27th June is #NationalWritingDay! @writeday

As part of the events we're running a live Twitter Q&amp;A‚Ä¶",20,@BBC
0.0,Tue Jun 26 16:00:15 +0000 2018,1.0,0.0,0.0,üçÖ You can grow tomatoes in Iceland?!   https://t.co/ndmcf1SL8y,21,@BBC
0.0,Tue Jun 26 14:52:03 +0000 2018,1.0,0.0,0.0,"RT @BBCWales: #ToProvideAllPeople: A star-studded film written by @OwenSheers to mark #NHS70.

Starring @MichaelSheen, @TeamEveMyles, @Pack‚Ä¶",22,@BBC
0.836,Tue Jun 26 14:32:33 +0000 2018,0.683,0.0,0.317,"RT @BBCRadio2: To celebrate the anniversary of 1988's second Summer of Love, @djgarydavies, @ZoeTheBall, and @MsAnaMatronic are heading to‚Ä¶",23,@BBC
0.6114,Tue Jun 26 13:12:16 +0000 2018,0.818,0.0,0.182,"RT @BBCR1: Happy Birthday, @ArianaGrande! üéà‚ú®

Here's a throwback to her offering some 10/10 relationship advice to callers on @R1Breakfast‚Ä¶",24,@BBC
0.0,Tue Jun 26 12:58:04 +0000 2018,1.0,0.0,0.0,"üöÑüòΩüéÄ Japan has unveiled a pink bullet train themed around the cartoon character #HelloKitty.
üëâ‚Ä¶ https://t.co/uPA1cevSHt",25,@BBC
0.5267,Tue Jun 26 12:02:04 +0000 2018,0.673,0.0,0.327,"Activist
Poet
Director
Actor
Writer...

...and inspiration https://t.co/oOpo1fJV5K",26,@BBC
0.0,Tue Jun 26 11:02:03 +0000 2018,1.0,0.0,0.0,"üçïüíê Would you say 'I dough' to this pizza bouquet?
üëâ https://t.co/HqnBOtPZlN https://t.co/BJqFMcpWKv",27,@BBC
0.0,Tue Jun 26 09:30:00 +0000 2018,1.0,0.0,0.0,"üåç‚ôªÔ∏èüí•üëä
What will your #PlasticsAction be? https://t.co/QQ1ZBgNyZN",28,@BBC
-0.2732,Tue Jun 26 08:00:16 +0000 2018,0.861,0.139,0.0,Turns out you're biased in all sorts of ways you may not realise. https://t.co/yZ0ziOfX2L,29,@BBC
-0.7717,Tue Jun 26 07:26:08 +0000 2018,0.705,0.295,0.0,"Seabirds are starving to death on the remote Lord Howe Island, a crew filming for the @BBCOne documentary‚Ä¶ https://t.co/XHDOBZn5Yb",30,@BBC
0.5994,Tue Jun 26 07:00:12 +0000 2018,0.769,0.0,0.231,üíï Julie is the childcare champion in the heart of the Gorbals. https://t.co/LcdEhzyTBG,31,@BBC
0.5859,Mon Jun 25 18:03:04 +0000 2018,0.696,0.0,0.304,‚ú® These women are ditching their straighteners and embracing their natural hair. https://t.co/BTgEiHth2E,32,@BBC
0.0,Mon Jun 25 17:31:08 +0000 2018,1.0,0.0,0.0,Two teams of junior doctors from teaching hospitals around Britain go head to head in a medical-themed quiz show. üè•‚Ä¶ https://t.co/1z99Ax1RcK,33,@BBC
0.2732,Mon Jun 25 16:02:03 +0000 2018,0.769,0.0,0.231,"üôåüòÇ Well, that escalated quickly.
#HearHer #LiveAtTheApollo  https://t.co/4Bfa81zCSI",34,@BBC
-0.5524,Mon Jun 25 15:01:34 +0000 2018,0.771,0.229,0.0,RT @BBCTwo: SO much tension between Louis and the Queen! üò¨üëëüá´üá∑ #Versailles https://t.co/mT2tDG3Hen,35,@BBC
0.3182,Mon Jun 25 14:57:32 +0000 2018,0.839,0.0,0.161,RT @BBCTwo: brb just gonna pop inside for some fresh air... ‚òÄÔ∏èüò∞ https://t.co/rlTBirEDF2,36,@BBC
0.5423,Mon Jun 25 13:48:41 +0000 2018,0.842,0.0,0.158,"RT @bbcarts: If you‚Äôre from the North this will make you well up with pride. ‚ù§Ô∏è
@lemnsissay delivers an impassioned reading of the poem he‚Ä¶",37,@BBC
0.636,Mon Jun 25 13:03:07 +0000 2018,0.656,0.0,0.344,"üê∂üòç They're all beautiful in our eyes! 
#WorldsUgliestDog https://t.co/qrQgVqtwt4",38,@BBC
0.5719,Mon Jun 25 12:04:05 +0000 2018,0.802,0.0,0.198,üôåüí™ @ChelseaClinton says it's time we rethink gender stereotypes and work harder to celebrate women. https://t.co/xgejAk33oK,39,@BBC
0.34,Mon Jun 25 11:01:03 +0000 2018,0.741,0.104,0.156,"üìñ‚ú®üå≤ From the Forbidden Forest at Hogwarts to Pooh's Hundred Acre Wood, here are six magical forests we love from ch‚Ä¶ https://t.co/hCU6am8R3o",40,@BBC
0.0,Mon Jun 25 10:12:49 +0000 2018,1.0,0.0,0.0,"üåã Lava from Hawaii's Kilauea volcano creeps closer to more homes. 
 https://t.co/NfFXiwtVy7",41,@BBC
-0.4215,Mon Jun 25 08:03:05 +0000 2018,0.872,0.128,0.0,This headteacher is budgeting to buy hygiene products for pupils as she's found some parents are struggling to affo‚Ä¶ https://t.co/Bm4PrQ8ucC,42,@BBC
0.0,Mon Jun 25 07:26:06 +0000 2018,1.0,0.0,0.0,"ü§ñ What does it mean for AI to have a soul?
üëâ https://t.co/OkxIzH9cA2 https://t.co/XcEYkoIbst",43,@BBC
-0.6486,Mon Jun 25 07:00:13 +0000 2018,0.699,0.301,0.0,Should we bring the woolly mammoth back from the dead? https://t.co/PASQyyoCXW,44,@BBC
0.0,Sun Jun 24 19:03:02 +0000 2018,1.0,0.0,0.0,"Follow the inner workings of @nytimes, one of the most prolific American media outlets, during the first 12 months‚Ä¶ https://t.co/sTcKSPw5QW",45,@BBC
-0.5574,Sun Jun 24 18:32:03 +0000 2018,0.847,0.153,0.0,üöó üá∏üá¶ Women in Saudi Arabia are hitting the road as the country's ban on women driving officially ends. https://t.co/RLv1njCk5t,46,@BBC
0.5994,Sun Jun 24 18:10:27 +0000 2018,0.755,0.0,0.245,"RT @BBCWthrWatchers: Beautiful ""night shining"" clouds, captured by our Weather Watchers #NoctilucentClouds https://t.co/FE9F3YQ3Kd",47,@BBC
-0.5267,Sun Jun 24 18:04:04 +0000 2018,0.805,0.195,0.0,"This. Will. Hurt.

@IdrisElba returns as the inimitable DCI #Luther. Coming soon to @BBCOne. https://t.co/AOmhtLjldy",48,@BBC
0.6705,Sun Jun 24 17:08:05 +0000 2018,0.658,0.078,0.263,"43% of female festival goers under 40 say they've faced unwanted sexual behaviour at a music festival, a new survey‚Ä¶ https://t.co/Wd5gcaHCgH",49,@BBC
0.0,Sun Jun 24 16:02:06 +0000 2018,0.787,0.106,0.106,"Imagine waking up one morning and you've lost the ability to speak or move your hands.
(via @BBCThree) https://t.co/M8IJVGSoE7",50,@BBC
0.0,Sun Jun 24 15:18:03 +0000 2018,1.0,0.0,0.0,"In the aftermath of Hurricane Maria, Michelin-starred @chefjoseandres managed to feed more Puerto Ricans than any g‚Ä¶ https://t.co/HHjrHbsIb8",51,@BBC
0.5859,Sun Jun 24 14:29:47 +0000 2018,0.888,0.0,0.112,"RT @BBCMOTD: #ENG win 6-1 ‚úÖ
On a Sunday ‚úÖ
In the Sun ‚úÖ

Live scenes across England right now ‚òÄüéâ

#ENGPAN https://t.co/pOqaVykdHG",52,@BBC
0.0,Sun Jun 24 14:20:08 +0000 2018,1.0,0.0,0.0,"‚ù§Ô∏èüíç Game of Thrones stars, Rose Leslie and Kit Harington have tied the knot at a ceremony in Aberdeenshire.
üëâ‚Ä¶ https://t.co/VzvDpNHgRO",53,@BBC
-0.4215,Sun Jun 24 13:03:02 +0000 2018,0.865,0.135,0.0,"üíîü¶ç Koko the gorilla sadly passed away this week, aged 46.

This is the story of her life. https://t.co/rIRb7mHpJx",54,@BBC
0.0,Sun Jun 24 12:02:03 +0000 2018,1.0,0.0,0.0,üêõ Did you know there's a whole world on the back of a sloth?  https://t.co/wRWmXa7j4R,55,@BBC
0.8268,Sun Jun 24 11:04:03 +0000 2018,0.688,0.0,0.312,"ü•ëü•ïüåû These summery vegan dishes are perfect for when it's hot (and still delicious when it's not!) 

üëâ‚Ä¶ https://t.co/n8Nra5f9Jl",56,@BBC
0.2942,Sun Jun 24 10:52:39 +0000 2018,0.897,0.0,0.103,"RT @BBCWorld: ""At last!""

Saudi Arabia becomes the last country in the world to allow women to drive. https://t.co/vfOqNTBk9o https://t.co/‚Ä¶",57,@BBC
0.3612,Sun Jun 24 10:03:02 +0000 2018,0.783,0.0,0.217,"Getting ready for #ENG v #PAN like... Ô∏è‚öΩÔ∏èüèÜüí™ @JKCorden #WorldCup 

https://t.co/EbID4RxLuE",58,@BBC
0.6269,Sun Jun 24 09:33:12 +0000 2018,0.745,0.0,0.255,"RT @BBC6Music: Ah, it seems so peaceful @GlastoFest this weekend. (via @bbcsomerset)  https://t.co/JzF0sbDEEh",59,@BBC
0.34,Sun Jun 24 09:04:05 +0000 2018,0.882,0.0,0.118,"Today, England play their first ever match against #WorldCup debutants Panama. ü¶Åü¶Åü¶Å

World Cup 2018: #ENG v #PAN | 1‚Ä¶ https://t.co/rZLcc8qfZ8",60,@BBC
0.0,Sun Jun 24 08:37:50 +0000 2018,1.0,0.0,0.0,"RT @BBCWorld: New Zealand's PM reveals her daughter's name as she leaves hospital in Auckland üë∂üá≥üáø

https://t.co/5E751apfOg https://t.co/Zt7‚Ä¶",61,@BBC
0.0,Sun Jun 24 08:20:08 +0000 2018,1.0,0.0,0.0,"What's happened since #BluePlanet2 first aired and what does Sir David Attenborough think about the response?
üëâ‚Ä¶ https://t.co/Qo4Nu3wQHT",62,@BBC
0.3182,Sun Jun 24 07:01:05 +0000 2018,0.413,0.24,0.347,"‚öΩÔ∏è‚ù§Ô∏è I. Bloody. Love. Football. 
#WorldCup https://t.co/vrmHGAfFYY",63,@BBC
0.0,Sat Jun 23 20:12:00 +0000 2018,1.0,0.0,0.0,"Over the last 50 years, the flesh-footed shearwater population has dropped by 30%.

Plastic is a major cause of the‚Ä¶ https://t.co/KwcWT38E6F",64,@BBC
0.0,Sat Jun 23 19:02:02 +0000 2018,1.0,0.0,0.0,"Live coverage of England's clash with New Zealand in Colorado, USA. üèâ

Rugby League: New Zealand v England | 9pm |‚Ä¶ https://t.co/gNfWK4lAsg",65,@BBC
0.5719,Sat Jun 23 17:06:01 +0000 2018,0.821,0.0,0.179,‚òÄÔ∏èüôå Thousands of people gathered at Stonehenge this week to watch the sunrise and celebrate the #SummerSolstice. https://t.co/f0PA5HYgRK,66,@BBC
0.7412,Sat Jun 23 16:02:02 +0000 2018,0.614,0.0,0.386,"‚öΩüêù Goal!!!
These clever bumblebees have been taught to play football. https://t.co/00fEPKxEYQ",67,@BBC
0.4019,Sat Jun 23 15:00:27 +0000 2018,0.847,0.0,0.153,"üì±‚ôøÔ∏è This 13-year-old made an app to help disabled people find accessible services. 
(via @BBCThree) https://t.co/EkjrhQOFi3",68,@BBC
0.0,Sat Jun 23 14:02:01 +0000 2018,1.0,0.0,0.0,"Unlocking the hidden life of Frida Kahlo.
üëâ https://t.co/g8KqGCs5JX https://t.co/SyRnFXRvNQ",69,@BBC
0.0,Sat Jun 23 12:57:05 +0000 2018,1.0,0.0,0.0,"üé∂üé§Meet the stockbroker who writes hits for @LittleMix and @JessGlynne 

https://t.co/zYl0M4CHcj https://t.co/s8HYxwiDKr",70,@BBC
0.0,Sat Jun 23 12:00:16 +0000 2018,1.0,0.0,0.0,"üé∂ SOUND ON üé∂ 
Below the big blue there is green! üíö
#OurBluePlanet w/ @OceanX https://t.co/E46jJvtmrN",71,@BBC
0.0,Sat Jun 23 11:01:06 +0000 2018,1.0,0.0,0.0,"Faced with extreme weather, Bolivian farmers are going underground.
#BBCTakingTheTemperature https://t.co/ocATWI0jPL",72,@BBC
0.0,Sat Jun 23 10:02:04 +0000 2018,0.675,0.143,0.183,"The ban on microbeads in certain products has begun in England and Scotland.

Here are some natural alternatives so‚Ä¶ https://t.co/vqESNyr5qD",73,@BBC
0.0,Sat Jun 23 09:01:05 +0000 2018,1.0,0.0,0.0,"üòçüêø Baby squirrels grow up so fast! 
#SuperSquirrels https://t.co/NzSE4lUIC8",74,@BBC
0.2732,Sat Jun 23 07:59:02 +0000 2018,0.86,0.0,0.14,There has been a significant fall in the number of cases of HPV following the introduction of a vaccine for young w‚Ä¶ https://t.co/19trkIMZ91,75,@BBC
0.0,Sat Jun 23 07:22:00 +0000 2018,1.0,0.0,0.0,"‚ôªÔ∏èüåçSmall actions can make a big difference. 
#PlasticsAction

https://t.co/AWXUYNJ4e3 https://t.co/9Khy2bq19Z",76,@BBC
0.6369,Fri Jun 22 19:11:28 +0000 2018,0.741,0.0,0.259,"RT @BBCBreakfast: So many reasons to love¬†the #NorthEast of #England.
#Inventions https://t.co/xVseuMG347",77,@BBC
0.25,Fri Jun 22 19:11:15 +0000 2018,0.913,0.0,0.087,"RT @bbcworldservice: Born without a jaw, Isaiah Acosta has never spoken a word, yet he‚Äôs gone on to fulfil his dream of becoming a rapper.‚Ä¶",78,@BBC
0.0,Fri Jun 22 19:10:41 +0000 2018,1.0,0.0,0.0,"RT @bbcstories: Today marks 70 years since the arrival of Caribbean migrants on the Empire Windrush ship to the UK.

 Back in 2018, how has‚Ä¶",79,@BBC
0.7518,Fri Jun 22 19:10:14 +0000 2018,0.735,0.0,0.265,RT @BBCTwo: How long would it take you to demolish this AMAZING burger? üçîüòµ #MillionPoundMenu https://t.co/KH8VHK2rE6,80,@BBC
0.3612,Fri Jun 22 19:09:53 +0000 2018,0.902,0.0,0.098,"RT @BBCFOUR: With over 10,000 credits, Carol Kaye is one of the most prolific bassists of all time ‚Äì and her bragging rights are *amazing*.‚Ä¶",81,@BBC
0.4215,Fri Jun 22 19:04:06 +0000 2018,0.865,0.0,0.135,"‚ù§Ô∏èüêø Meet the sabre-toothed squirrel whose life was saved by an amateur dentist.
üëâ https://t.co/C6gXwp7Yke https://t.co/fp3vGzEW5S",82,@BBC
-0.3182,Fri Jun 22 18:01:05 +0000 2018,0.85,0.15,0.0,"üòÇüëõ Everyone has that one mate who always loses their purse... 
#HearHer #LiveAtTheApollo https://t.co/DinViMhGVm",83,@BBC
0.0,Fri Jun 22 17:00:21 +0000 2018,1.0,0.0,0.0,üêæüê∂üíï Would you give a deaf dog a home? https://t.co/sjbsjOEzqT,84,@BBC
0.0,Fri Jun 22 16:01:00 +0000 2018,1.0,0.0,0.0,"When the weekend's so close you can almost touch it...  üôå #FridayFeeling
 @Camila_Cabello https://t.co/eosSiBxZft",85,@BBC
0.0,Fri Jun 22 13:02:03 +0000 2018,1.0,0.0,0.0,"üòÇüé§ Hello, it's literally me... 
#HearHer https://t.co/7XMLDQMR3B",86,@BBC
0.0,Fri Jun 22 12:03:05 +0000 2018,1.0,0.0,0.0,Questions for a Sikh https://t.co/UhKZNiTRtC,87,@BBC
-0.34,Fri Jun 22 11:00:13 +0000 2018,0.844,0.156,0.0,"Why do only some people get blackout drunk?
üëâ https://t.co/4C8KOCcSsU https://t.co/8S8axGO0F5",88,@BBC
0.0,Fri Jun 22 08:01:04 +0000 2018,1.0,0.0,0.0,"In the aftermath of Hurricane Maria, Michelin-starred @chefjoseandres managed to feed more Puerto Ricans than any g‚Ä¶ https://t.co/SXJJG4hnMG",89,@BBC
0.6632,Fri Jun 22 07:28:05 +0000 2018,0.559,0.119,0.322,"'Always forgive your enemies; nothing annoys them so much.'

Oscar Wilde's best quotes.
üëâ https://t.co/4ldEknyrSW https://t.co/vr8KdzXP89",90,@BBC
0.0,Fri Jun 22 07:00:04 +0000 2018,1.0,0.0,0.0,"'I wax my face every 2 weeks and haven't been able to get pregnant, but I won't let polycystic ovary syndrome defin‚Ä¶ https://t.co/uyNbPpgeY7",91,@BBC
0.2732,Thu Jun 21 19:03:04 +0000 2018,0.595,0.2,0.205,"üòÇ That time @NoelFielding11 confronted some rowdy teens‚Ä¶
#LiveAtTheApollo https://t.co/tV9SB4r8Yz",92,@BBC
0.0,Thu Jun 21 18:01:06 +0000 2018,1.0,0.0,0.0,üì± Is social media impacting how we express ourselves?  https://t.co/nADRuAW49x,93,@BBC
0.3134,Thu Jun 21 16:42:25 +0000 2018,0.811,0.062,0.127,"RT @bbcthree: What it feels like when you don't want your baby. #HearHer
(turn on your sound) https://t.co/7ErzX8p7Ag",94,@BBC
0.5093,Thu Jun 21 16:01:04 +0000 2018,0.732,0.0,0.268,üòç The Scottish coast is incredible! https://t.co/pn2LdiZwdQ,95,@BBC
0.8074,Thu Jun 21 16:00:09 +0000 2018,0.687,0.0,0.313,"RT @BBCRadio4: Activist
Poet
Director
Actor
Writer...
...and inspiration
@Aardman Animations made a beautiful short film about Maya Angelou‚Ä¶",96,@BBC
-0.7506,Thu Jun 21 13:02:34 +0000 2018,0.686,0.314,0.0,"üíîü¶ç Koko the gorilla has sadly died, aged 46.

Here's the story of her life. https://t.co/rIRb7mHpJx",97,@BBC
0.0,Thu Jun 21 12:28:30 +0000 2018,1.0,0.0,0.0,"RT @BBCOne: In 1979, one surgeon was about to make NHS history by performing the UK's first heart transplant. https://t.co/HmUZBE5MLd",98,@BBC
0.0,Thu Jun 21 12:25:47 +0000 2018,1.0,0.0,0.0,"RT @bbcarts: Artistic Director at @royalcourt, @vicfeatherstone, has curated #Snatches - a series of provocative monologues, written and pe‚Ä¶",99,@BBC
0.7845,Thu Jun 21 12:01:06 +0000 2018,0.699,0.0,0.301,Tessa Sanderson was the first British woman to win an Olympic gold medal in the javelin. #HearHer https://t.co/Kqff1C4QSe,100,@BBC
0.0,Wed Jun 27 20:31:32 +0000 2018,1.0,0.0,0.0,What‚Äôs summer without @CBSBigBrother? ‚òÄÔ∏è RT if you‚Äôre counting down the hours to the #BB20 premiere TONIGHT at 8/7c‚Ä¶ https://t.co/Xp1s4Fp5J8,101,@CBS
0.7574,Wed Jun 27 14:00:01 +0000 2018,0.711,0.0,0.289,"It looks like you...

(‚Ä¢_‚Ä¢)
( ‚Ä¢_‚Ä¢)&gt;‚åê‚ñ†-‚ñ†
(‚åê‚ñ†_‚ñ†)

Have a lot of TV to watch!

Celebrate #NationalSunglassesDay with H‚Ä¶ https://t.co/Babt4ajIgV",102,@CBS
0.5574,Mon Jun 25 18:20:25 +0000 2018,0.796,0.0,0.204,The world will finally know the truth. ‚òÑÔ∏è Make sure to tune in to the heart-pounding Season 2 premiere of‚Ä¶ https://t.co/mqMleW90DY,103,@CBS
0.1867,Fri Jun 22 21:19:06 +0000 2018,0.902,0.0,0.098,Tonight's the night! Don't miss model @ashleygraham on the season finale of Celebrity @undercover_cbs at 8/7c. https://t.co/iBxAOcOF7a,104,@CBS
0.4199,Fri Jun 22 18:33:53 +0000 2018,0.811,0.0,0.189,"Every day is #TakeYourDogToWorkDay for shows like @HawaiiFive0CBS, @MomCBS, @SEALTeamCBS, and @bigbangtheory! https://t.co/DJaOt1VQcw",105,@CBS
0.4926,Thu Jun 21 23:29:50 +0000 2018,0.803,0.0,0.197,"Lights, camera, selfie! üì∏¬†Could there be a better photo for #NationalSelfieDay? https://t.co/14Ewx64yKC",106,@CBS
0.3555,Wed Jun 20 00:39:01 +0000 2018,0.68,0.122,0.199,There‚Äôs nothing quite like watching a contestant win a brand new car on @PriceIsRight. üëè  https://t.co/aKlFikYAMM,107,@CBS
0.0,Mon Jun 18 20:27:50 +0000 2018,1.0,0.0,0.0,Time to make your predictions for #BB20! üëè Get to know the @CBSBigBrother Houseguests before the big premiere next‚Ä¶ https://t.co/jlpIchJ9sk,108,@CBS
0.0,Mon Jun 18 15:00:46 +0000 2018,1.0,0.0,0.0,RT @CBSBigBrother: Meet the cast of #BB20... before anyone else! Start streaming all their live interviews beginning at 11am EST/8am PST on‚Ä¶,109,@CBS
0.9392,Sun Jun 17 13:00:01 +0000 2018,0.507,0.0,0.493,"Today and every day we celebrate their love, guidance, and support. Happy #FathersDay to every kind of dad! https://t.co/Wffax1khBH",110,@CBS
0.3595,Fri Jun 15 18:48:29 +0000 2018,0.872,0.0,0.128,"Casting Alert! @paulwesley, @DaniaJRamirez &amp; @JamesWolk are set to star in the upcoming CBS All Access psychologica‚Ä¶ https://t.co/JnZMrzT92n",111,@CBS
-0.296,Thu Jun 14 17:30:00 +0000 2018,0.833,0.167,0.0,"In case you missed it, watch the entire #TonyAwards now: https://t.co/Bm0yNV3Ff3 https://t.co/h3YnFkmSQJ",112,@CBS
0.1779,Thu Jun 14 16:19:32 +0000 2018,0.734,0.12,0.147,RT @StrangeAngel: Mastermind or maniac? Explore the brilliant mind of Jack Parsons in #StrangeAngel. Now streaming on CBS All Access: https‚Ä¶,113,@CBS
-0.5562,Tue Jun 12 00:19:23 +0000 2018,0.551,0.315,0.134,"No pain, no gain, ALL Hart! Just one month until the premiere of @TKOCBS hosted by @KevinHart4real. https://t.co/C1yMCglxVn",114,@CBS
0.5093,Mon Jun 11 22:23:06 +0000 2018,0.829,0.0,0.171,"RT @TheNeighborhood: Welcome to #TheNeighborhood, @BethBehrs! The @2BrokeGirls star returns to @CBS in a new sitcom alongside @CedEntertain‚Ä¶",115,@CBS
-0.296,Mon Jun 11 19:01:38 +0000 2018,0.833,0.167,0.0,"In case you missed it, watch the entire #TonyAwards now: https://t.co/Bm0yNV3Ff3 https://t.co/3GA5otlcPa",116,@CBS
0.0,Mon Jun 11 14:00:37 +0000 2018,1.0,0.0,0.0,How do you know @SaraBareilles and @joshgroban's music? #TonyAwards https://t.co/POMXBORfUT,117,@CBS
0.0,Mon Jun 11 06:19:36 +0000 2018,1.0,0.0,0.0,Here are all the performances from the 2018 #TonyAwards: https://t.co/gN4ItpFlRd https://t.co/fSMNBXKC9r,118,@CBS
0.4767,Mon Jun 11 06:04:41 +0000 2018,0.78,0.0,0.22,See the complete list of winners from the 2018 #TonyAwards: https://t.co/9XK6CGeber https://t.co/HkUIN4Quej,119,@CBS
0.8478,Mon Jun 11 03:10:33 +0000 2018,0.594,0.0,0.406,An end to a magical evening. The Band's Visit wins for Best Musical! #TonyAwards https://t.co/ODza97n8YH,120,@CBS
0.92,Mon Jun 11 03:02:06 +0000 2018,0.537,0.0,0.463,Congratulations are in order for @TheKatrinaLenk! She just won for Best Leading Actress in a Musical. #TonyAwards https://t.co/t9bNvpiEmH,121,@CBS
0.4404,Mon Jun 11 02:58:30 +0000 2018,0.737,0.088,0.175,"RT @CBSThisMorning: Hmm... something seems off here @SaraBareilles @JoshGroban. üòÇ

@WaitressMusical @GreatCometBway #TonyAwards https://t.c‚Ä¶",122,@CBS
0.4404,Mon Jun 11 02:56:40 +0000 2018,0.847,0.0,0.153,RT @_stobin13: watching the #TonyAwards after going to 3 broadway shows this weekend makes it even better üòçü§©,123,@CBS
0.836,Mon Jun 11 02:56:10 +0000 2018,0.533,0.0,0.467,Tony Shalhoub wins Best Leading Actor in a Musical. #TonyAwards   #TheBandsVisit https://t.co/KcUDSicKI5,124,@CBS
0.0,Mon Jun 11 02:53:00 +0000 2018,1.0,0.0,0.0,The Boss looks right at home on the #TonyAwards stage! https://t.co/pwjv4iydkn,125,@CBS
0.6369,Mon Jun 11 02:47:29 +0000 2018,0.682,0.0,0.318,RT @Aatamianphoto: Springsteen is on the #TonyAwards and I love it.,126,@CBS
0.7978,Mon Jun 11 02:44:50 +0000 2018,0.457,0.0,0.543,Inspiration: Get to your YES! #OnceOnThisIsland #TonyAwards https://t.co/Wjp0QIWfXq,127,@CBS
0.9523,Mon Jun 11 02:44:37 +0000 2018,0.484,0.0,0.516,The feeling when you win a Tony. üôå¬†Congratulations to Once on This Island for winning Best Revival of a Musical!‚Ä¶ https://t.co/UpFCqgBTwh,128,@CBS
0.5994,Mon Jun 11 02:33:09 +0000 2018,0.698,0.0,0.302,What a beautiful performance by the cast of #TheBandsVisit. #TonyAwards https://t.co/4Hw96kZvrf,129,@CBS
0.4215,Mon Jun 11 02:29:18 +0000 2018,0.877,0.0,0.123,"""I'm a living example of how theatre can change you - and it didn't just change me, it saved me."" @JohnLeguizamo at‚Ä¶ https://t.co/4ICwMhb6hv",130,@CBS
0.8932,Mon Jun 11 02:23:56 +0000 2018,0.483,0.0,0.517,Angels in America takes the win for Best Revival of a Play! #TonyAwards https://t.co/zodW61tw8a,131,@CBS
0.0,Mon Jun 11 02:21:03 +0000 2018,1.0,0.0,0.0,"RT @leahableson: The Once On This Island Goat And Chicken made it to the broadcast, Mama WILL provide #TonyAwards",132,@CBS
0.0,Mon Jun 11 02:16:06 +0000 2018,1.0,0.0,0.0,That performance was the GOAT. #TonyAwards https://t.co/mtoU92HipQ,133,@CBS
0.8908,Mon Jun 11 02:11:03 +0000 2018,0.509,0.0,0.491,Harry Potter and the Cursed Child wins Best Play at the #TonyAwards! @HPPlayNYC https://t.co/WIqJQmtAlN,134,@CBS
0.0,Mon Jun 11 02:05:47 +0000 2018,1.0,0.0,0.0,üé∂ ‚ÄúLet's dance this last dance tonight.‚Äù üé∂ #TonyAwards #DonnaSummerMusical https://t.co/UAIaglChfv,135,@CBS
0.4926,Mon Jun 11 02:03:31 +0000 2018,0.738,0.0,0.262,Hope he brought enough birthday cake for everyone! #TonyAwards https://t.co/FlLbKV6oj8,136,@CBS
0.5093,Mon Jun 11 01:58:48 +0000 2018,0.477,0.0,0.523,@writerlindsayb You're welcome! #TonyAwards,137,@CBS
0.7579,Mon Jun 11 01:53:17 +0000 2018,0.519,0.0,0.481,RT @hjmayer8: I sure do love @DearEvanHansen üíô #TonyAwards,138,@CBS
0.6467,Mon Jun 11 01:51:16 +0000 2018,0.752,0.0,0.248,"RT @Valerie4815: What a birthday present, the Tony audience singing happy birthday to you!! #TonyAwards",139,@CBS
0.0,Mon Jun 11 01:38:23 +0000 2018,1.0,0.0,0.0,If only this performance could go on forever. #TonyAwards @FrozenBroadway https://t.co/p2BMUvyTxr,140,@CBS
0.636,Mon Jun 11 01:37:36 +0000 2018,0.724,0.0,0.276,RT @anna_villanueva: Magnificent performance from the cast of @FrozenBroadway! #TonyAwards2018 #TonyAwards #Tonys,141,@CBS
0.8834,Mon Jun 11 01:30:56 +0000 2018,0.437,0.0,0.563,Glenda Jackson wins Best Leading Actress in a Play. #TonyAwards @threetallwomen https://t.co/GRp1gcBuiW,142,@CBS
0.0,Mon Jun 11 01:29:21 +0000 2018,1.0,0.0,0.0,.@SaraBareilles is totally a Gryffindor. #TonyAwards https://t.co/OPQ7esk2dn,143,@CBS
0.7351,Mon Jun 11 01:26:03 +0000 2018,0.625,0.079,0.296,RT @IzzyNY202: How impressive are these Marjory Stoneman Douglas students? That #TonyAwards performance reduced me to tears. Amazing.,144,@CBS
0.0,Mon Jun 11 01:25:59 +0000 2018,1.0,0.0,0.0,RT @KatLargent: MAGIC #TonyAwards,145,@CBS
0.0,Mon Jun 11 01:24:46 +0000 2018,1.0,0.0,0.0,Such a touching moment at the #TonyAwards. ‚ù§Ô∏è https://t.co/4kJWTHVPZ8,146,@CBS
0.4019,Mon Jun 11 01:24:12 +0000 2018,0.838,0.0,0.162,.@Matt_Morrison welcomes the Marjory Stoneman Douglas High School theatre department to the stage. #TonyAwards https://t.co/5dxa9smeka,147,@CBS
0.9151,Mon Jun 11 01:19:59 +0000 2018,0.543,0.0,0.457,So many feels at the #TonyAwards. Congratulations to @arielstachel for winning Best Featured Actor in a Musical!‚Ä¶ https://t.co/m1aRNIHPRK,148,@CBS
0.6369,Mon Jun 11 01:12:31 +0000 2018,0.625,0.0,0.375,RT @McBenefit: I love everything about you @UzoAduba. #TonyAwards,149,@CBS
0.1511,Mon Jun 11 01:08:28 +0000 2018,0.898,0.0,0.102,RT if that musical number by the cast of Carousel blew you away! #TonyAwards https://t.co/CMzMNtcAQO,150,@CBS
0.1531,Mon Jun 11 01:08:24 +0000 2018,0.852,0.0,0.148,Nathan Lane saw his #AngelsinAmerica role as a challenge. How will you challenge yourself in 2018? #TonyAwards https://t.co/3WXd6AqgBi,151,@CBS
0.8834,Mon Jun 11 01:02:47 +0000 2018,0.437,0.0,0.563,Nathan Lane wins Best Featured Actor in a Play. #TonyAwards @angelsbway https://t.co/xc8M7JtLDE,152,@CBS
0.0,Mon Jun 11 00:58:06 +0000 2018,1.0,0.0,0.0,üåü¬†@joshgroban and @SaraBareilles are Host Goals. üåü #TonyAwards https://t.co/OGQec8cXJ6,153,@CBS
0.2714,Mon Jun 11 00:52:34 +0000 2018,0.793,0.0,0.207,RT @adub369: This is unbelievable! @SaraBareilles and @joshgroban #TonyAwards,154,@CBS
0.0,Mon Jun 11 00:51:11 +0000 2018,1.0,0.0,0.0,Who lives in a pineapple and just performed at The Tonys? üççüé∂ The cast of SpongeBob SquarePants: The Musical!‚Ä¶ https://t.co/mvFxdh9UJi,155,@CBS
0.8883,Mon Jun 11 00:50:18 +0000 2018,0.433,0.0,0.567,‚ú® @LindsayMendez wins Best Featured Actress in a Musical! #TonyAwards @carouselbway https://t.co/MtgFowscN5,156,@CBS
0.9134,Mon Jun 11 00:45:14 +0000 2018,0.387,0.0,0.613,A big congratulations to @springsteen for his Special Tony award! ‚ú®¬†#TonyAwards https://t.co/i16u8uv9aT,157,@CBS
0.0,Mon Jun 11 00:44:36 +0000 2018,1.0,0.0,0.0,Can the 73rd annual #TonyAwards just be three-hours of @TitussBurgess? https://t.co/3rCZwwTUtv,158,@CBS
0.25,Mon Jun 11 00:35:41 +0000 2018,0.92,0.0,0.08,"RT @CBSThisMorning: ""We know there are a lot of you out there who have photos of yourself in school plays or community theater."" Post your‚Ä¶",159,@CBS
0.4588,Mon Jun 11 00:34:45 +0000 2018,0.85,0.0,0.15,Keep your acceptance speeches short or else the #TonyAwards will get the angels involved. #AngelsInAmerica üëº https://t.co/oznhezRzDc,160,@CBS
0.0,Mon Jun 11 00:31:28 +0000 2018,1.0,0.0,0.0,"If you haven't started singing, you will be the rest of the night. #TonyAwards #MyFairLady https://t.co/jbGXwnru8N",161,@CBS
0.3612,Mon Jun 11 00:27:42 +0000 2018,0.737,0.0,0.263,RT @marialena_rago: I like this opener for @MyFairLadyBway #TonyAwards,162,@CBS
0.8908,Mon Jun 11 00:27:00 +0000 2018,0.43,0.0,0.57,Laurie Metcalf wins Best Featured Actress in a Play! #TonyAwards @threetallwomen https://t.co/y4teyJaRPs,163,@CBS
0.0,Mon Jun 11 00:24:31 +0000 2018,1.0,0.0,0.0,Tina Fey has a boat?? #MeanGirls #TonyAwards https://t.co/phYxmHMd3d,164,@CBS
0.0,Mon Jun 11 00:22:15 +0000 2018,1.0,0.0,0.0,Representing the hardest-working men and women in Broadway‚Ä¶¬†ensemble members from every nominated musical tonight!‚Ä¶ https://t.co/imlEEnOUla,165,@CBS
0.6369,Mon Jun 11 00:22:15 +0000 2018,0.588,0.0,0.412,RT @misschae: I love theatre so much. #TonyAwards,166,@CBS
0.0,Mon Jun 11 00:18:16 +0000 2018,1.0,0.0,0.0,On Wednesdays they wear pink and on Sundays they perform at the #TonyAwards. üíï Who thought that performance by the‚Ä¶ https://t.co/w7QDkaX6kF,167,@CBS
0.6369,Mon Jun 11 00:13:27 +0000 2018,0.756,0.0,0.244,"RT @MichaelJMoritz: ""We are all made perfectly and we all belong‚Äù - Andrew Garfield #TonyAwards",168,@CBS
0.8834,Mon Jun 11 00:12:31 +0000 2018,0.437,0.0,0.563,Andrew Garfield wins Best Leading Actor in a Play. #TonyAwards @angelsbway https://t.co/s2VQnw6IPP,169,@CBS
0.6696,Mon Jun 11 00:06:39 +0000 2018,0.64,0.0,0.36,"RT @nightingalen: Love this opening song! @joshgroban
@SaraBarreilles 
#TonyAwards",170,@CBS
0.3182,Mon Jun 11 00:04:15 +0000 2018,0.85,0.0,0.15,‚ú® @joshgroban and @SaraBareilles take the stage to begin an unforgettable evening. #TonyAwards https://t.co/y9uzlK2DzO,171,@CBS
0.0,Sun Jun 10 23:59:00 +0000 2018,1.0,0.0,0.0,Grab your popcorn... it's time for the #TonyAwards! Go and stream the entire show now: https://t.co/Wo1algQHix https://t.co/JGYTk4NPDN,172,@CBS
0.4374,Sun Jun 10 23:18:15 +0000 2018,0.855,0.0,0.145,‚ú® @thegoodfight's Christine Baranski has arrived on the #TonyAwards red carpet! Watch LIVE at 8/7c on CBS! https://t.co/XnXAnPtRrc,173,@CBS
0.0,Sun Jun 10 22:01:25 +0000 2018,1.0,0.0,0.0,"The hosts have arrived! We're LIVE with @SaraBareilles, @joshgroban and more on the #TonyAwards red carpet hosted b‚Ä¶ https://t.co/NtarbgywLe",174,@CBS
0.4184,Sun Jun 10 15:00:01 +0000 2018,0.843,0.0,0.157,Tonight's the night! Join @etnow's @DDirecto on the #TonyAwards' red carpet starting at 5PM ET! https://t.co/hZLOSiIRAT,175,@CBS
0.68,Sat Jun 09 21:00:02 +0000 2018,0.763,0.0,0.237,These two know a thing or two about awards! Watch them light up the stage tomorrow at the #TonyAwards. ‚ú® https://t.co/KHVZp65oLS,176,@CBS
0.0,Sat Jun 09 16:00:00 +0000 2018,1.0,0.0,0.0,Here's everything you need to know before watching the #TonyAwards this Sunday at 8/7c: https://t.co/jcRgNGmLUZ https://t.co/8suUhVPFK6,177,@CBS
0.296,Fri Jun 08 19:46:17 +0000 2018,0.82,0.0,0.18,Join @etnow's @DDirecto this Sunday on the #TonyAwards' red carpet. https://t.co/7jS8g10KmY,178,@CBS
0.0,Fri Jun 08 15:00:03 +0000 2018,1.0,0.0,0.0,Here's @laChanze with a reminder that you can stream the #TonyAwards this Sunday on CBS All Access! https://t.co/8TDEXzKmyQ,179,@CBS
0.9078,Fri Jun 08 13:58:15 +0000 2018,0.564,0.0,0.436,"We all get by with a little help from our friends, so what better way to celebrate #NationalBestFriendsDay than to‚Ä¶ https://t.co/pIZezbBwaT",180,@CBS
0.3612,Thu Jun 07 17:03:26 +0000 2018,0.872,0.0,0.128,"Get ready for show-stopping performances by the casts of the 2018 Tony-nominated shows Mean Girls, SpongeBob Square‚Ä¶ https://t.co/NiSx9Bbw0F",181,@CBS
0.2732,Wed Jun 06 21:00:24 +0000 2018,0.719,0.105,0.176,Don‚Äôt miss a special performance from @springsteen this Sunday at the #TonyAwards: https://t.co/LYYdleaFwU https://t.co/IKkKoITH9y,182,@CBS
0.3595,Wed Jun 06 00:08:30 +0000 2018,0.872,0.0,0.128,"RT @CBSThisMorning: .@SaraBareilles and @joshgroban are hosting this Sunday's @TheTonyAwards on @CBS! 

Wednesday, they'll join us LIVE on‚Ä¶",183,@CBS
-0.4404,Tue Jun 05 22:23:35 +0000 2018,0.723,0.177,0.1,"RT @SU2C: SU2C telecast Co-Executive Producer Bradley Cooper sits down with Mitch Carbon, a pediatric cancer survivor who benefited from #S‚Ä¶",184,@CBS
0.4574,Tue Jun 05 22:12:28 +0000 2018,0.824,0.0,0.176,RT @StrangeAngel: About last night... The #StrangeAngel screening party was a blast! Pun intended. üöÄüòè https://t.co/m64EcNmweY,185,@CBS
0.5093,Tue Jun 05 19:00:02 +0000 2018,0.845,0.0,0.155,These CBS stars can really belt it out! Find out which celebs from your favorite shows are pitch-perfect:‚Ä¶ https://t.co/X4zMACFazB,186,@CBS
0.0,Tue Jun 05 15:04:41 +0000 2018,1.0,0.0,0.0,"More stars are set to appear at the #TonyAwards, including @billyjoel, @amyschumer, and @katharinemcphee. See who e‚Ä¶ https://t.co/lPUocBcn9t",187,@CBS
0.0,Mon Jun 04 17:00:00 +0000 2018,1.0,0.0,0.0,"The #TonyAwards are just days away, and @joshgroban and @SaraBareilles will bring all they've got to Broadway's Big‚Ä¶ https://t.co/eKkWn6ClSq",188,@CBS
-0.3903,Fri Jun 01 17:39:17 +0000 2018,0.807,0.131,0.062,"Call us old-fashioned, but we donut want you missing out on #NationalDonutDay! Here are a few treats from us to you‚Ä¶ https://t.co/HpzN8bQ3SO",189,@CBS
0.8442,Fri Jun 01 17:00:03 +0000 2018,0.664,0.0,0.336,Remember @Lin_Manuel‚Äôs beautiful sonnet from the 70th Annual Tony Awards¬Æ? Relive some of the greatest moments in‚Ä¶ https://t.co/IZjeQLd58C,190,@CBS
0.8932,Thu May 31 23:50:00 +0000 2018,0.545,0.0,0.455,"Good friends @joshgroban and @SaraBareilles are hosting the #TonyAwards together? Well, this is bound to be fun! https://t.co/26Vgzp0s2e",191,@CBS
0.4926,Wed May 30 15:07:34 +0000 2018,0.849,0.0,0.151,"The #TonyAwards just got even better because @UzoAduba, @MattBomer, and more stars will be presenting live! Find ou‚Ä¶ https://t.co/hfFBtWo1T9",192,@CBS
0.0,Mon May 28 21:00:01 +0000 2018,1.0,0.0,0.0,"Mark your calendars. @SalvationCBS returns Monday, June 25 at 9/8c! ‚òÑÔ∏è https://t.co/N9pYuhYLRF",193,@CBS
0.0,Mon May 28 02:08:19 +0000 2018,1.0,0.0,0.0,RT @thegoodfight: All episodes of season 2 are now available. Stream #TheGoodFight on CBS All Access: https://t.co/k3tn8kR9KC https://t.co/‚Ä¶,194,@CBS
0.6239,Wed May 23 23:07:38 +0000 2018,0.797,0.0,0.203,Get the popcorn ready! üçø  It's going to be an unforgettable @survivorcbs finale. Make sure to tune in TONIGHT at 8/‚Ä¶ https://t.co/vp0JyqfXMQ,195,@CBS
0.5859,Wed May 23 19:02:43 +0000 2018,0.826,0.0,0.174,"RT @StrangeAngel: Every brilliant mind has a dark side. #StrangeAngel launches June 14, only on CBS All Access. https://t.co/y0MZg1BzEB htt‚Ä¶",196,@CBS
0.1139,Tue May 22 23:19:40 +0000 2018,0.917,0.0,0.083,Prepare yourself. The @NCIS_CBS season finale is unlike any other. Don't miss it TONIGHT at 8/7c. https://t.co/MOH6uiFc0C,197,@CBS
0.0,Tue May 22 20:02:22 +0000 2018,1.0,0.0,0.0,"Summer heats up with @CBSBigBrother, @SalvationCBS, and the brand-new competition series @TKOCBS. Find out when you‚Ä¶ https://t.co/DxE7OnKs17",198,@CBS
0.0,Mon May 21 23:00:01 +0000 2018,1.0,0.0,0.0,Who‚Äôs going to be watching the season finale of @ManWithAPlan tonight? RT if you'll be tuning in at 8:30/7:30c! https://t.co/ARLRtVuGuc,199,@CBS
0.3382,Sun May 20 20:00:00 +0000 2018,0.808,0.061,0.131,The season finale of @MadamSecretary will leave you speechless! Make sure to tune in tonight at 10/9c. https://t.co/hqxkLZsWpl,200,@CBS
0.0,Thu Jun 28 03:45:08 +0000 2018,1.0,0.0,0.0,Yet another sign that San Francisco's housing market is out of control https://t.co/NAQvDDNmCK https://t.co/n6FgPyfbfa,201,@CNN
0.0,Thu Jun 28 03:30:15 +0000 2018,1.0,0.0,0.0,Britain's royal family made even more money in 2017 https://t.co/Sv5RHDe7Ud https://t.co/4jbRSTz7rL,202,@CNN
0.0,Thu Jun 28 03:15:08 +0000 2018,1.0,0.0,0.0,A guide to Rajasthan's color-coded royal cities https://t.co/8tQ6FYfQrn https://t.co/ngUojMOxFS,203,@CNN
0.0,Thu Jun 28 03:00:19 +0000 2018,1.0,0.0,0.0,Trump and Putin are meeting. What could possibly go wrong?https://t.co/3CKhQUQcrT (via @CNNOpinion) https://t.co/5OObU5dVfc,204,@CNN
-0.5574,Thu Jun 28 02:45:05 +0000 2018,0.783,0.217,0.0,This is how the travel ban is impacting families near and far https://t.co/kFp8LlZZqC https://t.co/AzjoIKKFtq,205,@CNN
-0.5267,Thu Jun 28 02:30:07 +0000 2018,0.825,0.175,0.0,"Democrats are in danger of going too far left for 2018, writes Joe Cunningham for @CNNOpinion‚Ä¶ https://t.co/5t5TFUhaq7",206,@CNN
0.0,Thu Jun 28 02:21:57 +0000 2018,1.0,0.0,0.0,RT @CuomoPrimeTime: DNC Chair @TomPerez: Dems can ‚Äúabsolutely‚Äù retake the Senate #CuomoPrimeTime https://t.co/ZO8ELDK9dK https://t.co/qdfxz‚Ä¶,207,@CNN
-0.6124,Thu Jun 28 02:19:54 +0000 2018,0.792,0.208,0.0,"RT @CuomoPrimeTime: ‚ÄúIt‚Äôs not a trophy, its the future of America.‚Äù 

Democrat Sen. @AmyKlobuchar‚Äôs warning on the coming fight in the Sena‚Ä¶",208,@CNN
0.0,Thu Jun 28 02:18:40 +0000 2018,1.0,0.0,0.0,RT @CuomoPrimeTime: GOP @SenJohnKennedy tells @ChrisCuomo he believes Senate Majority Leader McConnell will manage to rally Republicans to‚Ä¶,209,@CNN
-0.4588,Thu Jun 28 02:15:05 +0000 2018,0.812,0.188,0.0,Democrats: Don't jump to conclusions about Rep. Joe Crowley's defeat https://t.co/i5pQTQtHBT (via @CNNOpinion) https://t.co/vyriQYZHJq,210,@CNN
0.5574,Thu Jun 28 02:00:21 +0000 2018,0.783,0.0,0.217,Supreme Court won't have the last word on worker rights https://t.co/WwDXEZk2t2 (via @CNNOpinion) https://t.co/D172EA0VGr,211,@CNN
0.4939,Thu Jun 28 01:45:06 +0000 2018,0.714,0.0,0.286,How a rap lyric inspired a multimillion-dollar online platform https://t.co/8Cuwc2qHuR https://t.co/mvY9eVjFp1,212,@CNN
-0.5423,Thu Jun 28 01:35:05 +0000 2018,0.8,0.2,0.0,"President Trump calls Rep. Joe Crowley a ""slovenly man"" who ""got his ass kicked"" https://t.co/zDtfWluoaS https://t.co/69YjlWrecr",213,@CNN
0.1796,Thu Jun 28 01:30:09 +0000 2018,0.644,0.158,0.199,"Justice Anthony Kennedy's departure is deeply worrying, writes Richard Lazarus for @CNNOpinion‚Ä¶ https://t.co/AwgeJSjFHU",214,@CNN
0.6808,Thu Jun 28 01:25:03 +0000 2018,0.763,0.0,0.237,"President Trump says Justice Kennedy's retirement ""makes the issue of Senate control one of the vital issues of our‚Ä¶ https://t.co/mhMFWjveYE",215,@CNN
-0.7579,Thu Jun 28 01:20:08 +0000 2018,0.649,0.351,0.0,"President Trump mocks Rep. Joe Crowley, saying he ""got his ass kicked"" https://t.co/csUN8OqC04 https://t.co/uD18bh9Xie",216,@CNN
0.2732,Thu Jun 28 01:15:10 +0000 2018,0.89,0.0,0.11,Former Fox News executive Bill Shine has accepted a senior position in President Trump's administration. His road t‚Ä¶ https://t.co/496lLGmcQb,217,@CNN
-0.6705,Thu Jun 28 01:07:23 +0000 2018,0.667,0.333,0.0,"President Trump mocks Hillary Clinton at rally, laments on Russia investigation https://t.co/jqbtScmY7M https://t.co/F4CVqW9xQj",218,@CNN
0.7906,Thu Jun 28 01:00:08 +0000 2018,0.72,0.0,0.28,President Trump says he wants to choose a Supreme Court justice who will be there for 40 or 45 years‚Ä¶ https://t.co/vwewpy020x,219,@CNN
-0.6705,Thu Jun 28 00:55:08 +0000 2018,0.566,0.302,0.132,"President Trump says he's ""more exciting"" and ""a hell of a lot more dangerous"" than the NFL https://t.co/6ScuukTqDb https://t.co/OhZu6WojEd",220,@CNN
0.0,Thu Jun 28 00:50:05 +0000 2018,1.0,0.0,0.0,President Trump begins North Dakota rally with remarks on crowd sizes https://t.co/Cpk8qcuyUW https://t.co/SoV2zjrgTE,221,@CNN
0.0,Thu Jun 28 00:45:00 +0000 2018,1.0,0.0,0.0,"""I think that we do need to elect a generation of new people to Congress on both parties,‚Äù says Ocasio-Cortez, addi‚Ä¶ https://t.co/dkfFH9ywcm",222,@CNN
0.8807,Thu Jun 28 00:31:07 +0000 2018,0.651,0.0,0.349,"""So many people across the country are inspired by this win and inspired about this race because of what it represe‚Ä¶ https://t.co/VwrdWR4YPD",223,@CNN
0.0,Thu Jun 28 00:23:38 +0000 2018,1.0,0.0,0.0,"Money isn't everything in a political race ‚Äúif you really understand your community,"" Alexandria Ocasio-Cortez says‚Ä¶ https://t.co/aYylUfAQuq",224,@CNN
-0.6597,Thu Jun 28 00:00:05 +0000 2018,0.707,0.293,0.0,Senate Democrats are powerless to stop Trump SCOTUS pick https://t.co/wR3A8bDIJj | Analysis by Chris Cillizza https://t.co/XoMCpBzzJa,225,@CNN
-0.25,Wed Jun 27 23:44:06 +0000 2018,0.762,0.143,0.095,"Ben Jealous, a former NAACP leader endorsed by Bernie Sanders, moved a step closer to becoming Maryland's first bla‚Ä¶ https://t.co/2jUyBLvNIe",226,@CNN
0.0,Wed Jun 27 23:37:04 +0000 2018,1.0,0.0,0.0,"The Netherlands is banning face coverings, including burqas and niqabs, in public spaces such as schools, hospitals‚Ä¶ https://t.co/VkwfiLLjXe",227,@CNN
0.3612,Wed Jun 27 23:30:11 +0000 2018,0.815,0.0,0.185,Google's eerily human phone bot is ready for the real world https://t.co/Y5dD19nsZR,228,@CNN
-0.25,Wed Jun 27 23:23:05 +0000 2018,0.867,0.133,0.0,Beer is being rationed in the UK because of a shortage of carbon dioxide https://t.co/K56oMw0jBP,229,@CNN
0.2732,Wed Jun 27 23:16:46 +0000 2018,0.659,0.138,0.204,"Report highlights gender discrimination, lack of female representation in Justice Department https://t.co/BjDzDUUb9d https://t.co/OvyJmlPnJK",230,@CNN
0.0,Wed Jun 27 23:07:51 +0000 2018,1.0,0.0,0.0,"Trump ""has been the one that has caused what we see happening today where people are trying to push back on his pol‚Ä¶ https://t.co/X3vBWK988W",231,@CNN
0.0,Wed Jun 27 22:56:00 +0000 2018,1.0,0.0,0.0,"Trump ""has been the one that has caused what we see happening today where people are trying to push back on his pol‚Ä¶ https://t.co/zDfrHdUigV",232,@CNN
0.0516,Wed Jun 27 22:49:41 +0000 2018,0.708,0.142,0.151,"When one of his customers was choking, this Chick-fil-A employee stepped in to save him https://t.co/zrAZWw7NNB https://t.co/ULfqKipgDB",233,@CNN
0.0,Wed Jun 27 22:42:28 +0000 2018,1.0,0.0,0.0,Boeing's hypersonic passenger plane could get you from New York to London in 2 hours https://t.co/eqgR0d4td7 https://t.co/TQMnwnbR5Y,234,@CNN
0.0,Wed Jun 27 22:35:09 +0000 2018,1.0,0.0,0.0,"In the 9 months leading up to this weekend's presidential election in Mexico, 130 candidates have been killed‚Ä¶ https://t.co/8bTYXy45eK",235,@CNN
0.5574,Wed Jun 27 22:28:00 +0000 2018,0.859,0.0,0.141,"The Supreme Court ‚Äúshould be made up of people who can base their decisions on the law, the facts, precedent, and u‚Ä¶ https://t.co/GU0B9jSyAn",236,@CNN
0.0,Wed Jun 27 22:21:47 +0000 2018,1.0,0.0,0.0,"Marrying a Syrian means breaking up with America, writes Anna Lekas Miller for @CNNOpinion https://t.co/I59xCsE5pp https://t.co/1PEt45Z5yg",237,@CNN
-0.296,Wed Jun 27 22:12:55 +0000 2018,0.885,0.115,0.0,"Secretary of State Mike Pompeo tells US lawmakers that North Korea remains a nuclear threat, but defends President‚Ä¶ https://t.co/SEujGpN7RL",238,@CNN
0.0,Wed Jun 27 22:02:00 +0000 2018,1.0,0.0,0.0,"""Every time I'm talking with my mom, and she gives the phone to my baby brother, he doesn't know who I am.""

After‚Ä¶ https://t.co/7L2mOZu40d",239,@CNN
-0.4767,Wed Jun 27 21:55:04 +0000 2018,0.829,0.171,0.0,"Broward County, where the Parkland attack happened, votes to put armed personnel in every school‚Ä¶ https://t.co/tkE3SSn5MK",240,@CNN
0.3612,Wed Jun 27 21:48:08 +0000 2018,0.815,0.0,0.185,"President Trump: When considering tariffs, think like a Harley-Davidson rider https://t.co/YytoocOaPb (via‚Ä¶ https://t.co/NVgkt4rF0l",241,@CNN
0.0,Wed Jun 27 21:41:06 +0000 2018,1.0,0.0,0.0,"November is going to be a referendum on Trump, writes Errol Louis for @CNNOpinion https://t.co/xaQHAlTLG4 https://t.co/lAfobHCpZe",242,@CNN
0.5106,Wed Jun 27 21:34:07 +0000 2018,0.829,0.0,0.171,Migrant rescue ship Lifeline to dock in Malta after being stranded for 5 days in the Mediterranean‚Ä¶ https://t.co/I42dGGKx3t,243,@CNN
0.0516,Wed Jun 27 21:27:04 +0000 2018,0.708,0.142,0.151,"When one of his customers was choking, this Chick-fil-A employee stepped in to save him https://t.co/48G98T9vMe https://t.co/1y9RX8QOTG",244,@CNN
0.0,Wed Jun 27 21:20:06 +0000 2018,1.0,0.0,0.0,"Meet Alexandria Ocasio-Cortez, the 28-year-old Latina and Democratic socialist who is now a new face for the Democr‚Ä¶ https://t.co/EnfaxwgKvZ",245,@CNN
0.0,Wed Jun 27 21:13:03 +0000 2018,1.0,0.0,0.0,Here's everything you need to know about tonight's Strawberry Moon https://t.co/X51oi9eWCg https://t.co/HwR8rcSMEm,246,@CNN
0.4939,Wed Jun 27 21:06:07 +0000 2018,0.802,0.0,0.198,A man who couldn't swim sacrifices his life to save a boy from drowning https://t.co/WZcEuIuPkZ https://t.co/cFfikmBGY4,247,@CNN
0.0,Wed Jun 27 20:59:08 +0000 2018,1.0,0.0,0.0,Why I'm burying a beer can in the backyard https://t.co/QaDmBv89Dg (via @CNNOpinion) https://t.co/QjtqRjVc45,248,@CNN
0.0,Wed Jun 27 20:52:05 +0000 2018,1.0,0.0,0.0,Could life exist on Saturn's moon Enceladus? https://t.co/zOZbFyHXy5 https://t.co/tjHGMOnDQB,249,@CNN
-0.8074,Wed Jun 27 20:45:05 +0000 2018,0.601,0.399,0.0,Texas steel pipe manufacturer becomes casualty of President Trump's trade war https://t.co/GOaXARleoc https://t.co/WKs6n7eZFV,250,@CNN
0.5574,Wed Jun 27 20:38:11 +0000 2018,0.825,0.0,0.175,Senate Judiciary Chairman Chuck Grassley dismisses calls by Democrats to punt on a Supreme Court nominee until afte‚Ä¶ https://t.co/2B6PN5vYOD,251,@CNN
0.6908,Wed Jun 27 20:26:00 +0000 2018,0.659,0.0,0.341,"Democratic congressional candidate Alexandria Ocasio-Cortez endorses New York gubernatorial hopeful Cynthia Nixon,‚Ä¶ https://t.co/CflSvxUXkE",252,@CNN
0.0,Wed Jun 27 20:19:05 +0000 2018,1.0,0.0,0.0,Democratic Sen. Dianne Feinstein urges Congress to wait until after the midterm elections to select a replacement f‚Ä¶ https://t.co/Wgnd7tE6op,253,@CNN
0.6597,Wed Jun 27 20:12:04 +0000 2018,0.69,0.0,0.31,Justice Anthony Kennedy's retirement just confirmed every Republican's dream scenario for President Trump‚Ä¶ https://t.co/Hyc8OoSgai,254,@CNN
0.5267,Wed Jun 27 20:05:08 +0000 2018,0.841,0.0,0.159,Senate Majority Leader Mitch McConnell says his chamber will work to replace Justice Anthony Kennedy before the mid‚Ä¶ https://t.co/hTIcbbfWmh,255,@CNN
0.7906,Wed Jun 27 19:56:04 +0000 2018,0.611,0.0,0.389,These are potential Supreme Court nominees that could replace Justice Kennedy https://t.co/6zYySjh2dJ https://t.co/0en7ks7H7U,256,@CNN
-0.2924,Wed Jun 27 19:49:06 +0000 2018,0.897,0.103,0.0,"""They are conservative ideologues, not mainstream jurists. We cannot and will not accept them to serve on the highe‚Ä¶ https://t.co/1MbxoP3I2A",257,@CNN
-0.4449,Wed Jun 27 19:42:00 +0000 2018,0.867,0.133,0.0,"""Our Republican colleagues in the Senate should follow the rule they set in 2016 ‚Äî not to consider a Supreme Court‚Ä¶ https://t.co/hLVPGqvI4b",258,@CNN
0.5267,Wed Jun 27 19:35:06 +0000 2018,0.746,0.0,0.254,Read Justice Anthony Kennedy's retirement letter to President Trump https://t.co/ayuwi97MR2 https://t.co/xlWFrpWZaB,259,@CNN
0.5859,Wed Jun 27 19:28:41 +0000 2018,0.758,0.0,0.242,"Republican Sen. Chuck Grassley hails Justice Kennedy's service, saying he is a ""staunch defender of First Amendment‚Ä¶ https://t.co/X1AXlSA5i8",260,@CNN
0.0258,Wed Jun 27 19:21:09 +0000 2018,0.729,0.134,0.138,Democratic Sen. Dick Durbin has called on the Senate to wait to consider Trump's nominee to replace Justice Kennedy‚Ä¶ https://t.co/MCnrcADQS6,261,@CNN
0.4404,Wed Jun 27 19:14:06 +0000 2018,0.861,0.0,0.139,"""Now we‚Äôll have to find a worthy successor."" Republican Sen. Lindsey Graham says President Trump has a lot of ""good‚Ä¶ https://t.co/h6wPu3lo2G",262,@CNN
0.5267,Wed Jun 27 19:07:00 +0000 2018,0.861,0.0,0.139,President Trump says he has a list of 25 people that will be considered to replace Justice Anthony Kennedy on the S‚Ä¶ https://t.co/pzUY6F4e9W,263,@CNN
0.9022,Wed Jun 27 19:00:01 +0000 2018,0.605,0.0,0.395,"""He‚Äôs been a great justice of the Supreme Court."" President Trump took a few moments to address the retirement of S‚Ä¶ https://t.co/222pifAMgX",264,@CNN
0.6486,Wed Jun 27 18:53:00 +0000 2018,0.762,0.0,0.238,"""We will vote to confirm Justice Kennedy's successor this fall,"" says Majority Leader Sen. Mitch McConnell after Ju‚Ä¶ https://t.co/jjzm56eBil",265,@CNN
0.8316,Wed Jun 27 18:47:08 +0000 2018,0.63,0.0,0.37,"President Trump will push for the swift confirmation of a Supreme Court justice ""before the midterm elections,"" a s‚Ä¶ https://t.co/GoJKdqOTN5",266,@CNN
0.7906,Wed Jun 27 18:40:05 +0000 2018,0.611,0.0,0.389,Here's a brief timeline of Justice Anthony Kennedy's key Supreme Court decisions https://t.co/0k0RUeFosd https://t.co/282cDaGB6d,267,@CNN
0.1027,Wed Jun 27 18:29:30 +0000 2018,0.924,0.0,0.076,A Japanese spacecraft has reached a diamond-shaped asteroid three years after setting off on its mission to learn a‚Ä¶ https://t.co/XJLb6zE2NH,268,@CNN
0.7506,Wed Jun 27 18:20:00 +0000 2018,0.714,0.0,0.286,Anthony Kennedy's decision to step down from the Supreme Court gives President Trump a second opportunity to nomina‚Ä¶ https://t.co/UqUIT7CLb7,269,@CNN
-0.5994,Wed Jun 27 18:15:49 +0000 2018,0.786,0.214,0.0,House Democrats are in shock as they assess what Joe Crowley's loss to a 28-year-old political newcomer means for l‚Ä¶ https://t.co/B3auAMM2Bl,270,@CNN
0.5267,Wed Jun 27 18:05:00 +0000 2018,0.815,0.0,0.185,"BREAKING: Justice Anthony Kennedy, a conservative who provided key votes for same sex-marriage, abortion access and‚Ä¶ https://t.co/p9Jn6p6BL2",271,@CNN
-0.5719,Wed Jun 27 17:58:44 +0000 2018,0.761,0.239,0.0,"JUST IN: House overwhelmingly rejects Republican immigration bill, despite last-minute push by President Trump to s‚Ä¶ https://t.co/6lHY4YY0Yp",272,@CNN
0.0,Wed Jun 27 17:48:12 +0000 2018,1.0,0.0,0.0,This Colorado Democrat could become first openly gay man elected governor in US https://t.co/hgiOXjsOUB https://t.co/H6aSP5gMYo,273,@CNN
0.0,Wed Jun 27 17:38:05 +0000 2018,1.0,0.0,0.0,"Here's what we've learned about 'Oumuamua, the cigar-shaped interstellar visitor that was spotted in October tumbli‚Ä¶ https://t.co/MgMOwK1wWc",274,@CNN
-0.7906,Wed Jun 27 17:23:43 +0000 2018,0.708,0.292,0.0,"A funeral was held for Junior Guzman-Feliz, a 15-year-old killed in a gang stabbing in New York last week that has‚Ä¶ https://t.co/HADmIUGcnh",275,@CNN
-0.1531,Wed Jun 27 17:09:19 +0000 2018,0.904,0.096,0.0,What does America's falling birth rate mean for the economy? Just look at Arizona https://t.co/Oy7GT3RhoB https://t.co/xE4NFTGRLL,276,@CNN
0.0,Wed Jun 27 16:54:10 +0000 2018,1.0,0.0,0.0,"In a six-day span, only six children were reunited with their families after being separated at the US border. More‚Ä¶ https://t.co/zEFZtN4Gg4",277,@CNN
0.2023,Wed Jun 27 16:41:01 +0000 2018,0.729,0.115,0.156,"A federal grand jury indicted the suspect behind last summer's deadly vehicle incident in Charlottesville, Virginia‚Ä¶ https://t.co/B9BJhAMrU3",278,@CNN
-0.4767,Wed Jun 27 16:29:53 +0000 2018,0.769,0.163,0.068,"BREAKING: Joe Jackson, the patriarch who launched the Jackson family dynasty, has died, a source close to the famil‚Ä¶ https://t.co/WefGb7Q7gb",279,@CNN
0.5574,Wed Jun 27 16:23:30 +0000 2018,0.816,0.0,0.184,"President Trump is speaking at a White House event after the Supreme Court's union ruling 

Watch live: https://t.co/T3E0vuOqsj",280,@CNN
-0.7003,Wed Jun 27 16:14:31 +0000 2018,0.746,0.254,0.0,Changes to a 16th-century polychrome statue of San Jorge (St George) provoked anger among some art experts and inev‚Ä¶ https://t.co/gj2iwiHKxA,281,@CNN
0.0,Wed Jun 27 16:00:24 +0000 2018,1.0,0.0,0.0,"A 6-year-old's lemonade stand helped raise $13,000 for separated migrant families https://t.co/UjkonfhV3X https://t.co/gV1W52XK3y",282,@CNN
0.5859,Wed Jun 27 15:47:55 +0000 2018,0.808,0.0,0.192,"Senate Majority Leader Mitch McConnell says the win by Alexandria Ocasio-Cortez, a 28-year-old running her first ca‚Ä¶ https://t.co/OZDGwAhTJe",283,@CNN
-0.4404,Wed Jun 27 15:36:21 +0000 2018,0.847,0.153,0.0,"A judge denied rapper Meek Mill's petition for a new trial, despite the district attorney's office recommending tha‚Ä¶ https://t.co/BFQhWcfekN",284,@CNN
0.0,Wed Jun 27 15:24:45 +0000 2018,1.0,0.0,0.0,"The Smithsonian has unveiled a design for the National Native American Veterans Memorial, which will be placed on t‚Ä¶ https://t.co/dCwD3oAtJ7",285,@CNN
0.0258,Wed Jun 27 15:14:06 +0000 2018,0.663,0.166,0.171,Facebook has abandoned an ambitious plan to design and produce its own drones. https://t.co/OsmYnonbis,286,@CNN
0.25,Wed Jun 27 15:02:32 +0000 2018,0.625,0.159,0.216,Former government contractor Reality Winner pleads guilty to leaking classified material https://t.co/xPDaOkB47K https://t.co/V4FIWATsB2,287,@CNN
-0.5106,Wed Jun 27 14:55:00 +0000 2018,0.786,0.157,0.057,"""We are committing human rights abuses on this border in separating children from their families,"" says New York co‚Ä¶ https://t.co/0JsvHEAZXn",288,@CNN
0.0,Wed Jun 27 14:50:11 +0000 2018,1.0,0.0,0.0,White House press secretary Sarah Sanders is expected to receive Secret Service protection https://t.co/J9L7pDzbIs https://t.co/kF76b1GP2b,289,@CNN
-0.296,Wed Jun 27 14:38:04 +0000 2018,0.849,0.151,0.0,The Virginia restaurant owner who asked White House press secretary Sarah Sanders to leave has resigned from the to‚Ä¶ https://t.co/LlHIYmjiGB,290,@CNN
0.5859,Wed Jun 27 14:26:52 +0000 2018,0.798,0.0,0.202,Alexandria Ocasio-Cortez's win will likely make her the youngest person in Congress in 2019 https://t.co/pMUjLQSfR6 https://t.co/zMoh38VPDb,291,@CNN
0.4404,Wed Jun 27 14:14:58 +0000 2018,0.773,0.073,0.155,JUST IN: The Supreme Court deals a major blow to public-sector unions in a case that could shake their financial st‚Ä¶ https://t.co/WesRgtLab3,292,@CNN
-0.1027,Wed Jun 27 13:53:38 +0000 2018,0.773,0.145,0.082,The restaurant owner who asked Sarah Sanders to leave has resigned from the top post of a local business group https://t.co/etysLMTrW7,293,@CNN
0.1027,Wed Jun 27 13:37:41 +0000 2018,0.924,0.0,0.076,A Japanese spacecraft has reached a diamond-shaped asteroid three years after setting off on its mission to learn a‚Ä¶ https://t.co/U0XVLYP4pB,294,@CNN
-0.5106,Wed Jun 27 13:26:12 +0000 2018,0.786,0.157,0.057,"""We are committing human rights abuses on this border in separating children from their families,"" says New York co‚Ä¶ https://t.co/9OTv5cGPUg",295,@CNN
0.7506,Wed Jun 27 13:18:39 +0000 2018,0.758,0.0,0.242,RT @CNNPolitics: Alexandria Ocasio-Cortez will not say if she would support Nancy Pelosi for speaker if she wins in November and Democrats‚Ä¶,296,@CNN
0.9322,Wed Jun 27 13:13:57 +0000 2018,0.589,0.0,0.411,"RT @CNNPolitics: ""We won because we organized. We won because I think we had a very clear, winning message and we took that message to door‚Ä¶",297,@CNN
0.5859,Wed Jun 27 13:13:49 +0000 2018,0.774,0.0,0.226,New York Democrat Alexandria Ocasio-Cortez discusses her primary night win. Watch live: https://t.co/vhkaPaA3uB https://t.co/lYNj8K8WhK,298,@CNN
0.4019,Wed Jun 27 13:00:47 +0000 2018,0.847,0.0,0.153,What Alexandria Ocasio-Cortez's victory says about the Democratic Party and 2020 | Analysis by Harry Enten‚Ä¶ https://t.co/pnoOjHEmb3,299,@CNN
-0.8442,Wed Jun 27 12:45:06 +0000 2018,0.637,0.363,0.0,"JUST IN: A Pittsburgh-area officer has been charged with criminal homicide in the death of Antwon Rose, an unarmed‚Ä¶ https://t.co/rVPbXFSYLP",300,@CNN
0.7003,Thu Jun 28 03:40:09 +0000 2018,0.734,0.0,0.266,".@JaySekulow: ""The next Justice that now will be selected by President @realDonaldTrump will play an unbelievably i‚Ä¶ https://t.co/JwYYfdy02S",301,@FoxNews
0.5859,Thu Jun 28 03:33:50 +0000 2018,0.833,0.0,0.167,".@SenMikeLee: ""I'm honored to even be considered for that. This, of course, is the president's choice. This is goin‚Ä¶ https://t.co/on8PARdPfX",302,@FoxNews
0.0,Thu Jun 28 03:28:30 +0000 2018,1.0,0.0,0.0,".@SenMikeLee: ""We're going to confirm whoever President @realDonaldTrump happens to nominate."" @foxnewsnight‚Ä¶ https://t.co/gP0ybirnsg",303,@FoxNews
0.0,Thu Jun 28 03:19:43 +0000 2018,1.0,0.0,0.0,Potential SCOTUS Nominees https://t.co/qXP5XDFIEx https://t.co/78TSVQIRkt,304,@FoxNews
0.5267,Thu Jun 28 03:18:30 +0000 2018,0.726,0.0,0.274,President @realDonaldTrump to choose replacement to Justice Kennedy https://t.co/qXP5XDFIEx https://t.co/hRkPwJ7mA6,305,@FoxNews
0.0,Thu Jun 28 03:02:00 +0000 2018,1.0,0.0,0.0,THURSDAY: @BretBaier and @marthamaccallum moderate the Florida GOP gubernatorial debate at 6:30p ET on Fox News Cha‚Ä¶ https://t.co/ahj9q8V5Y4,306,@FoxNews
-0.4767,Thu Jun 28 02:54:00 +0000 2018,0.807,0.193,0.0,"Man claims he went to Taco Bell to get a job, got arrested instead https://t.co/P5rvZpJH4c",307,@FoxNews
-0.5859,Thu Jun 28 02:51:30 +0000 2018,0.787,0.213,0.0,"Former physician stole more than $500G from 98-year-old woman in fraud scheme, authorities say https://t.co/XT5zDe37gq",308,@FoxNews
0.0,Thu Jun 28 02:51:08 +0000 2018,1.0,0.0,0.0,.@RepGoodlatte: Peter Strzok's Answers About Anti-Trump Texts 'Not Believable' https://t.co/VSoq6q4Wdc,309,@FoxNews
-0.3818,Thu Jun 28 02:29:42 +0000 2018,0.636,0.241,0.123,".@IngrahamAngle on @repjoecrowley's loss: ""This upset in New York [Tuesday] night, it was a Liberal Party faithful‚Ä¶ https://t.co/TQ8ZqT3DGC",310,@FoxNews
-0.3182,Thu Jun 28 02:19:11 +0000 2018,0.71,0.183,0.107,'Admit How Wrong You Were': @seanhannity Rips 'Never-Trumpers' as Second SCOTUS Spot Opens https://t.co/gHjkiVgTcw,311,@FoxNews
-0.4767,Thu Jun 28 02:15:21 +0000 2018,0.795,0.205,0.0,"Captain of Juarez-El Paso Barrio Azteca gang, wanted by FBI, is arrested https://t.co/lF6nA2Q2ZA",312,@FoxNews
-0.5574,Thu Jun 28 02:07:20 +0000 2018,0.777,0.223,0.0,".@seanhannity: ""Make no mistake, as soon as the president taps whoever Anthony Kennedy's replacement will be, you'r‚Ä¶ https://t.co/EBwKf2z0JH",313,@FoxNews
0.0,Thu Jun 28 02:05:29 +0000 2018,1.0,0.0,0.0,".@JCNSeverino: ""What I predict is we get a [Supreme Court] nominee who is basically Gorsuch 2.0...I don't see how [‚Ä¶ https://t.co/607TRYfnrQ",314,@FoxNews
0.0,Thu Jun 28 02:04:24 +0000 2018,1.0,0.0,0.0,"During a campaign rally in North Dakota, President @realDonaldTrump said that when it comes to trade, the days of o‚Ä¶ https://t.co/atoAloZyaR",315,@FoxNews
0.0,Thu Jun 28 01:56:43 +0000 2018,1.0,0.0,0.0,Woman who allegedly led cops on chase flips off camera in booking photo. https://t.co/bGOewA2BBg,316,@FoxNews
-0.926,Thu Jun 28 01:50:45 +0000 2018,0.359,0.641,0.0,"Texas executes prisoner linked to 4 killings, at least 9 rapes. https://t.co/k0xys9AgVC",317,@FoxNews
-0.7506,Thu Jun 28 01:44:59 +0000 2018,0.455,0.385,0.161,"Wife of U-Haul billionaire allegedly dumps sick dogs on charity, agrees to pay medical bills after a nasty spat. https://t.co/BkD8sQYMJQ",318,@FoxNews
0.0,Thu Jun 28 01:39:39 +0000 2018,1.0,0.0,0.0,Florida woman paddleboards from Cuba to Key West. https://t.co/UQoD9vsT6g,319,@FoxNews
-0.875,Thu Jun 28 01:32:27 +0000 2018,0.474,0.526,0.0,8 gang-affiliated men charged with murder in fatal stabbing of Bronx teen. https://t.co/oYFhklGk7Q,320,@FoxNews
0.7906,Thu Jun 28 01:25:40 +0000 2018,0.708,0.0,0.292,".@POTUS, at North Dakota rally, pushes for Supreme Court justice who could serve 'for 40 to 45 years'
https://t.co/JuOTh3kUVh",321,@FoxNews
0.2023,Thu Jun 28 01:22:56 +0000 2018,0.904,0.0,0.096,"President @realDonaldTrump: ""Every day we are keeping our promises. But to keep this momentum going, we need‚Ä¶ https://t.co/ljyTuOw4jw",322,@FoxNews
0.3612,Thu Jun 28 01:18:51 +0000 2018,0.693,0.1,0.208,"President @realDonaldTrump on trade: ""The era of global freeloading and taking advantage of the United States is ov‚Ä¶ https://t.co/psA9C2Zvxd",323,@FoxNews
0.0,Thu Jun 28 01:14:11 +0000 2018,1.0,0.0,0.0,"President @realDonaldTrump: ""When we're $500 billion down, they say 'Trump is starting a trade war.' I say, 'No, th‚Ä¶ https://t.co/8OktZiEHla",324,@FoxNews
0.3182,Thu Jun 28 01:09:46 +0000 2018,0.85,0.0,0.15,"President @realDonaldTrump on trade: ""We are going to make trade fair and reciprocal."" https://t.co/I861y2BDVz",325,@FoxNews
-0.296,Thu Jun 28 01:05:02 +0000 2018,0.845,0.155,0.0,"President @realDonaldTrump on tax cuts: ""Our plan doubled the child tax credit."" https://t.co/SsrGBbdHgW",326,@FoxNews
0.0,Thu Jun 28 01:03:57 +0000 2018,1.0,0.0,0.0,.@realDonaldTrump Rips @RepMaxineWaters at ND Rally: 'Imagine If I Said Those Things' https://t.co/mQoidp2AAO,327,@FoxNews
0.0,Thu Jun 28 00:50:36 +0000 2018,1.0,0.0,0.0,"President @realDonaldTrump on trade: ""Do you see what's happening with our steel industry in the last four months?‚Ä¶ https://t.co/81aqcXnGkB",328,@FoxNews
0.0,Thu Jun 28 00:49:04 +0000 2018,1.0,0.0,0.0,"President @realDonaldTrump: ""We put tariffs on solar panels because China was flooding the market and it wasn't goo‚Ä¶ https://t.co/EsPYyOIWJC",329,@FoxNews
0.802,Thu Jun 28 00:46:05 +0000 2018,0.644,0.0,0.356,"President @realDonaldTrump: ""We're respected again, we're putting America first, we're making great trade deals."" https://t.co/A7O00SAN6E",330,@FoxNews
0.7717,Thu Jun 28 00:42:38 +0000 2018,0.565,0.0,0.435,"President @realDonaldTrump: ""We will protect our law enforcement like they protect us."" https://t.co/uJfX4Kqiuj",331,@FoxNews
0.0,Thu Jun 28 00:39:02 +0000 2018,1.0,0.0,0.0,"President @realDonaldTrump: ""[Democrats] keep talking about this blue wave. Their blue wave is really sputtering pr‚Ä¶ https://t.co/Ebx4uwaEoa",332,@FoxNews
0.8173,Thu Jun 28 00:37:12 +0000 2018,0.706,0.0,0.294,"President @realDonaldTrump on Justice Kennedy retiring: ""I'm very honored that he chose to do it during my term in‚Ä¶ https://t.co/0lXcoESTyK",333,@FoxNews
-0.7096,Thu Jun 28 00:33:02 +0000 2018,0.742,0.258,0.0,"President @realDonaldTrump: ""The travel ban ruling underscores just how critical it is to confirm judges who will s‚Ä¶ https://t.co/QFsqDLlzVd",334,@FoxNews
0.0,Thu Jun 28 00:28:47 +0000 2018,1.0,0.0,0.0,"President @realDonaldTrump: ""A vote for any Democrat in November is a vote for @SenSchumer, @NancyPelosi and‚Ä¶ https://t.co/GGTJanlJks",335,@FoxNews
-0.1419,Thu Jun 28 00:27:17 +0000 2018,0.916,0.084,0.0,"President @realDonaldTrump: ""You need a senator who doesn't just talk like they're from North Dakota, but votes lik‚Ä¶ https://t.co/4tQNXEc1Mp",336,@FoxNews
0.0,Thu Jun 28 00:25:21 +0000 2018,1.0,0.0,0.0,"President @realDonaldTrump: ""ObamaCare is essentially dead."" https://t.co/SVlX3KlugG",337,@FoxNews
0.7506,Thu Jun 28 00:24:53 +0000 2018,0.748,0.0,0.252,"President @realDonaldTrump on health care: ""We are coming out with so many health care plans that are so much bette‚Ä¶ https://t.co/OD7MVeoXoU",338,@FoxNews
0.0,Thu Jun 28 00:22:28 +0000 2018,1.0,0.0,0.0,".@RepKevinCramer: ""All I can say is, Mr. President, on behalf of all of the thousands of people in this arena, and‚Ä¶ https://t.co/uIogWwz8h0",339,@FoxNews
0.6249,Thu Jun 28 00:08:39 +0000 2018,0.728,0.0,0.272,".@POTUS holds a ""Make America Great Again"" rally in Fargo, North Dakota. https://t.co/Bxk0nLbwIj",340,@FoxNews
-0.0258,Thu Jun 28 00:06:03 +0000 2018,0.788,0.108,0.104,".@BenShapiro on Socialist Who Upset NY Primary: Just Like Bernie, She Has Radical Ideas That Can Never Be Paid For. https://t.co/f64BRv8hzG",341,@FoxNews
0.0,Wed Jun 27 23:57:01 +0000 2018,1.0,0.0,0.0,"Bill Shine, former Fox News co-president, to take on senior communications role at White House. https://t.co/33ZNi2jUTA",342,@FoxNews
-0.5994,Wed Jun 27 23:53:32 +0000 2018,0.822,0.178,0.0,Firefighters in Maine helped a 97-year-old widow of a World War II veteran with the patriotic task of raising a new‚Ä¶ https://t.co/x1hWo6uK5N,343,@FoxNews
0.3612,Wed Jun 27 23:47:28 +0000 2018,0.872,0.0,0.128,".@gen_jackkeane on upcoming @POTUS meeting with Russian President Putin: ""A meeting like this does give [Putin] a s‚Ä¶ https://t.co/GTThjAfrpC",344,@FoxNews
-0.34,Wed Jun 27 23:39:45 +0000 2018,0.882,0.118,0.0,".@RepGoodlatte on the hearing with embattled FBI agent Peter Strzok: ""Unfortunately the FBI counsel in the room has‚Ä¶ https://t.co/8wNf54TZZL",345,@FoxNews
0.0,Wed Jun 27 23:29:08 +0000 2018,1.0,0.0,0.0,".@benshapiro: ""I think the next wave of Democrats are going to be much closer @BernieSanders brand Democrats than e‚Ä¶ https://t.co/wh7X126Fcz",346,@FoxNews
0.0,Wed Jun 27 23:24:56 +0000 2018,1.0,0.0,0.0,".@POTUS arrives in Fargo, North Dakota for a campaign rally. (Courtesy: KXJB) https://t.co/z4rJZ3bwor",347,@FoxNews
0.7906,Wed Jun 27 23:22:29 +0000 2018,0.696,0.0,0.304,"Reacting to the retirement of Supreme Court Justice Kennedy, @SenSchumer said that Republicans ""in the Senate shoul‚Ä¶ https://t.co/7tVMU2Kosh",348,@FoxNews
-0.8591,Wed Jun 27 23:16:04 +0000 2018,0.537,0.463,0.0,"Nonprofit operator of shelters for immigrant kids tells of bomb threats, staff harassment. https://t.co/PqbaVSGv0X",349,@FoxNews
0.7906,Wed Jun 27 23:09:56 +0000 2018,0.696,0.0,0.304,".@mercedesschlapp on a time frame for @POTUS' Supreme Court justice nomination: ""He wants to move quickly on this.""‚Ä¶ https://t.co/LwxRvkhK0B",350,@FoxNews
0.8955,Wed Jun 27 23:06:27 +0000 2018,0.546,0.0,0.454,".@mercedesschlapp on @POTUS' meeting with Justice Kennedy: ""The president was incredibly thankful for Justice Kenne‚Ä¶ https://t.co/io1XItu3Ep",351,@FoxNews
-0.5719,Wed Jun 27 22:55:32 +0000 2018,0.749,0.251,0.0,New York Times details conditions of Obama-era family detention center: 'No place for human beings' https://t.co/hhjytlYXjl,352,@FoxNews
0.7184,Wed Jun 27 22:52:41 +0000 2018,0.522,0.127,0.351,"Charles Hurt on replacing Justice Kennedy: ""The greatest 'Never-Trumper' has to admit that Neil Gorsuch was a huge‚Ä¶ https://t.co/yLgXv8VXm2",353,@FoxNews
0.5267,Wed Jun 27 22:48:18 +0000 2018,0.833,0.0,0.167,".@jonathanvswan on replacing Justice Kennedy: ""[@POTUS] now knows both the political force of this decision and the‚Ä¶ https://t.co/1H2j2UyO4J",354,@FoxNews
0.4019,Wed Jun 27 22:43:58 +0000 2018,0.787,0.0,0.213,"Maine firefighters help military widow, 97, 'proudly' raise American flag https://t.co/Hvnk9wlZIx",355,@FoxNews
0.3182,Wed Jun 27 22:43:25 +0000 2018,0.881,0.0,0.119,President @realDonaldTrump is traveling the country to endorse candidates in the GOP primaries. @pdoocy has the sto‚Ä¶ https://t.co/wWNBysi26Q,356,@FoxNews
0.6908,Wed Jun 27 22:24:51 +0000 2018,0.759,0.0,0.241,"Justice Anthony Kennedy in 1988: ""It is appropriate to recognize an essential truth, and that is that the Constitut‚Ä¶ https://t.co/6aQ8yI8sf5",357,@FoxNews
0.7906,Wed Jun 27 22:18:26 +0000 2018,0.667,0.0,0.333,A political storm is brewing as President @realDonaldTrump looks to replace Supreme Court Justice Anthony Kennedy.‚Ä¶ https://t.co/XLRzMUOUKh,358,@FoxNews
0.8591,Wed Jun 27 22:16:25 +0000 2018,0.655,0.0,0.345,A seat on the Supreme Court is opening up as Justice Anthony Kennedy gets ready to retire. @ShannonBream has the la‚Ä¶ https://t.co/M273ec1d6V,359,@FoxNews
0.7964,Wed Jun 27 22:14:44 +0000 2018,0.705,0.0,0.295,"Leonard Leo on Justice Kennedy retiring: ""[@POTUS] had enormous success in nominating Neil Gorsuch to the court. An‚Ä¶ https://t.co/kbcddSdAfX",360,@FoxNews
-0.8625,Wed Jun 27 22:07:54 +0000 2018,0.51,0.49,0.0,New York man witnesses daughter's marriage days before losing battle to cancer https://t.co/hZrWXHR7dV,361,@FoxNews
0.0,Wed Jun 27 21:58:52 +0000 2018,1.0,0.0,0.0,THURSDAY: @BretBaier and @marthamaccallum moderate the Florida GOP gubernatorial debate at 6:30p ET on Fox News Cha‚Ä¶ https://t.co/RDhzC2eu3Z,362,@FoxNews
-0.5423,Wed Jun 27 21:53:52 +0000 2018,0.639,0.26,0.1,"Hawaii emergency workers slept on the job, emails showed in aftermath of the fake missile alert. https://t.co/EVzIMJzvge",363,@FoxNews
-0.3612,Wed Jun 27 21:48:30 +0000 2018,0.865,0.135,0.0,"Maxine Waters, Kathy Griffin, Samantha Bee, others targeted in RNC campaign ad criticizing the 'unhinged left' https://t.co/vnWVPRywel",364,@FoxNews
-0.6908,Wed Jun 27 21:40:57 +0000 2018,0.737,0.263,0.0,"Janoris Jenkins' brother is charged with manslaughter in the death at the NFL star's home, officials say. https://t.co/4L0kg5khCb",365,@FoxNews
0.872,Wed Jun 27 21:37:13 +0000 2018,0.618,0.0,0.382,"Moments ago, @VP thanked Justice Anthony Kennedy for his service on the U.S. Supreme Court following Kennedy's anno‚Ä¶ https://t.co/45qnpf5Nrf",366,@FoxNews
-0.3182,Wed Jun 27 21:28:30 +0000 2018,0.887,0.113,0.0,".@kimguilfoyle on @repjoecrowley's primary loss: ""He should have showed up for everything and not mailed it in, he‚Ä¶ https://t.co/yMKIiA2aLb",367,@FoxNews
-0.9382,Wed Jun 27 21:20:21 +0000 2018,0.34,0.66,0.0,"California man, 77, accused of killing fire captain, charged with capital murder. https://t.co/sSc72Q4prH",368,@FoxNews
0.0609,Wed Jun 27 21:14:04 +0000 2018,0.767,0.111,0.122,".@JesseBWatters: ""This definitely moves the court to the right and it really puts the pressure on [Justice] Ginsbur‚Ä¶ https://t.co/UHqvV4zFkv",369,@FoxNews
0.0,Wed Jun 27 21:12:58 +0000 2018,1.0,0.0,0.0,An all-new season of 'OBJECTified' premieres this Sunday with NBA legend @MagicJohnson! Tune in to Fox News Channel‚Ä¶ https://t.co/1Q0L8B3ZKj,370,@FoxNews
-0.8779,Wed Jun 27 21:08:18 +0000 2018,0.448,0.552,0.0,Benghazi mastermind sentenced to 22 years in prison on federal terrorism charges. https://t.co/33Y6lI7LAE,371,@FoxNews
-0.2263,Wed Jun 27 20:56:56 +0000 2018,0.67,0.187,0.144,"Janoris Jenkins' brother is person of interest in death at NFL star's home, reports say https://t.co/q7Y9XdOY5l",372,@FoxNews
0.0,Wed Jun 27 20:42:00 +0000 2018,1.0,0.0,0.0,.@SenSchumer Demands Congress Use 'Biden Rule' in Choosing Kennedy Replacement https://t.co/gyJCSfYRGq,373,@FoxNews
0.8126,Wed Jun 27 20:31:53 +0000 2018,0.682,0.0,0.318,"Bob Vander Plaats on Justice Kennedy retiring: ""I think this is an opportunity to restore a culture of life in this‚Ä¶ https://t.co/hzQHiOR22k",374,@FoxNews
0.7096,Wed Jun 27 20:31:09 +0000 2018,0.753,0.0,0.247,"Bob Vander Plaats on Justice Kennedy retiring: ""If [Justice Neil] Gorsuch is a standard, we'd like to see another G‚Ä¶ https://t.co/VgYpLsLUNp",375,@FoxNews
0.3182,Wed Jun 27 20:25:58 +0000 2018,0.676,0.106,0.217,".@RandPaul on Justice Kennedy's retirement: ""No matter who President @realDonaldTrump picks will be divided along p‚Ä¶ https://t.co/GkyXVcBsrH",376,@FoxNews
0.5574,Wed Jun 27 20:19:43 +0000 2018,0.625,0.0,0.375,Who are the Supreme Court justices? https://t.co/0VMFK0PBoY,377,@FoxNews
0.7906,Wed Jun 27 20:18:09 +0000 2018,0.75,0.0,0.25,"Tom Dupree: ""Justice Kennedy has been the swing vote on the Supreme Court for the last decade plus. We are going to‚Ä¶ https://t.co/QwQhPaCQYf",378,@FoxNews
0.7351,Wed Jun 27 20:15:57 +0000 2018,0.693,0.0,0.307,".@johnrobertsFox on Justice Kennedy retiring: ""[@POTUS] has the opportunity to cement a 5-4 conservative majority a‚Ä¶ https://t.co/1qcFCg8FtA",379,@FoxNews
0.7906,Wed Jun 27 20:07:46 +0000 2018,0.696,0.0,0.304,Supreme Court Justice Anthony Kennedy announced Wednesday that he's retiring at the end of July. @ShannonBream has‚Ä¶ https://t.co/8mttwhZRbT,380,@FoxNews
0.7906,Wed Jun 27 20:01:27 +0000 2018,0.652,0.0,0.348,".@SenateMajLdr on Justice Kennedy retiring: ""First and foremost, I want to pause and express our gratitude for the‚Ä¶ https://t.co/vhk5eHGtCm",381,@FoxNews
0.0,Wed Jun 27 19:59:43 +0000 2018,1.0,0.0,0.0,.@AmbJohnBolton visits Moscow to talk possible US-Russia summit @ShepNewsTeam https://t.co/q1k8BHCj3W https://t.co/MODPY7wg2A,382,@FoxNews
0.7906,Wed Jun 27 19:58:43 +0000 2018,0.667,0.0,0.333,"Sen. @ChuckGrassley, chairman of @senjudiciary, speaks after the announcement of Supreme Court Justice Kennedy's re‚Ä¶ https://t.co/ybqvasevub",383,@FoxNews
-0.3875,Wed Jun 27 19:50:04 +0000 2018,0.832,0.168,0.0,North Korea continues construction of nuclear research facility despite agreement to 'denuclearize': report https://t.co/jmGYjmVDpv,384,@FoxNews
0.8176,Wed Jun 27 19:41:06 +0000 2018,0.679,0.0,0.321,"Supreme Court Justice Kennedy in his retirement letter to @POTUS: ""For a member of the legal profession it is the h‚Ä¶ https://t.co/hFqMcH8XcJ",385,@FoxNews
-0.3818,Wed Jun 27 19:31:02 +0000 2018,0.852,0.148,0.0,Kennedy replacement could face battles seen by the hotly contested nominations of Bork and Thomas. https://t.co/NkZZl3fR3L,386,@FoxNews
0.0,Wed Jun 27 19:29:01 +0000 2018,1.0,0.0,0.0,".@SenSchumer: ""Our Republican colleagues in the Senate should follow the rule they set in 2016: not to consider a S‚Ä¶ https://t.co/0YuO4g9srk",387,@FoxNews
0.7906,Wed Jun 27 19:20:00 +0000 2018,0.632,0.0,0.368,Supreme Court Justice Anthony Kennedy released this statement Wednesday after announcing his retirement.‚Ä¶ https://t.co/pQWz7XYB7u,388,@FoxNews
0.7906,Wed Jun 27 19:16:10 +0000 2018,0.72,0.0,0.28,"Chris Wallace on Justice Kennedy's retirement and the next Supreme Court pick: ""I think this is the biggest moment‚Ä¶ https://t.co/EQiWkTYJu7",389,@FoxNews
0.8519,Wed Jun 27 19:08:26 +0000 2018,0.632,0.0,0.368,".@SenateMajLdr on Justice Kennedy retiring: ""Today the Senate and the nation thank Justice Kennedy for his years of‚Ä¶ https://t.co/BqOAYAW39y",390,@FoxNews
-0.3336,Wed Jun 27 19:01:47 +0000 2018,0.594,0.253,0.153,"President @realDonaldTrump on immigration: ""We believe in very strong borders, no crime. And the Democrats believe‚Ä¶ https://t.co/g3kBid4vX0",391,@FoxNews
0.3612,Wed Jun 27 18:59:43 +0000 2018,0.872,0.0,0.128,"President @realDonaldTrump on meeting with Vladimir Putin: ""It would look like we will probably be meeting sometime‚Ä¶ https://t.co/VVuUqncwry",392,@FoxNews
0.0,Wed Jun 27 18:57:04 +0000 2018,1.0,0.0,0.0,"President @realDonaldTrump on immigration: ""We believe that families should be together."" https://t.co/Rdhl3AQGWv",393,@FoxNews
0.0,Wed Jun 27 18:52:29 +0000 2018,1.0,0.0,0.0,"President @realDonaldTrump: ""We have a list of 25 people that I actually had during my election.""‚Ä¶ https://t.co/Jg9saPTf1E",394,@FoxNews
0.7269,Wed Jun 27 18:51:26 +0000 2018,0.711,0.0,0.289,"President @realDonaldTrump on Justice Kennedy retiring: ""Hopefully we're gonna pick somebody who will be as outstan‚Ä¶ https://t.co/3Df7Rh5Gpu",395,@FoxNews
0.8625,Wed Jun 27 18:49:45 +0000 2018,0.625,0.0,0.375,"President @realDonaldTrump on Justice Kennedy retiring: ""We will begin our search for a new justice of the United S‚Ä¶ https://t.co/kg0zzcBlS4",396,@FoxNews
0.6597,Wed Jun 27 18:45:40 +0000 2018,0.735,0.0,0.265,"President @realDonaldTrump on Justice Kennedy retiring: ""He is a man who has displayed tremendous vision and tremen‚Ä¶ https://t.co/Wr8WzbxJZD",397,@FoxNews
0.5267,Wed Jun 27 18:43:37 +0000 2018,0.833,0.0,0.167,"President @realDonaldTrump on Justice Kennedy retiring: ""He's a man that I've known for a long time and a man that‚Ä¶ https://t.co/VTE5XuJPMs",398,@FoxNews
0.0,Wed Jun 27 18:41:24 +0000 2018,1.0,0.0,0.0,".@SenateMajLdr: ""It's imperative that @POTUS' nominee be considered fairly and not subjected to personal attacks.""‚Ä¶ https://t.co/xJChrD9tC3",399,@FoxNews
0.7351,Wed Jun 27 18:39:56 +0000 2018,0.733,0.0,0.267,".@SenateMajLdr: ""As in the case of Justice Gorsuch, senators will have the opportunity to meet with @POTUS' nominee‚Ä¶ https://t.co/YIL0l6JHaT",400,@FoxNews
0.0,Thu Jun 28 03:32:04 +0000 2018,1.0,0.0,0.0,"NASA again delays launch of the Webb telescope, this time for 3 years and estimates it will cost $1 billion more to‚Ä¶ https://t.co/3EGU7Xi4P3",401,@NYTimes
0.0,Thu Jun 28 03:17:06 +0000 2018,1.0,0.0,0.0,"RT @NYTMetro: A new report on New York's subway delays: ‚ÄúLower-income people tend to have longer commute times, and in turn have more oppor‚Ä¶",402,@NYTimes
0.0772,Thu Jun 28 03:02:06 +0000 2018,0.735,0.147,0.118,"A drop of good news about the world‚Äôs oceans: The Belize Barrier Reef, the largest coral reef system in the Norther‚Ä¶ https://t.co/fMg9NG1B5D",403,@NYTimes
0.6908,Thu Jun 28 02:47:01 +0000 2018,0.542,0.113,0.345,"RT @nytgraphics: With Justice Kennedy's retirement, the Supreme Court loses its swing vote.
https://t.co/LT6IfMh9PP",404,@NYTimes
-0.4927,Thu Jun 28 02:32:07 +0000 2018,0.775,0.225,0.0,"Cousins' DNA, uploaded to an ancestry site, leads to 3 more arrests https://t.co/qqJsQLhgrD",405,@NYTimes
0.296,Thu Jun 28 02:17:05 +0000 2018,0.901,0.0,0.099,"News Analysis: Courts are by tradition named for the chief justice. But if influence were the deciding factor, it w‚Ä¶ https://t.co/Ih5Z9Fjsuu",406,@NYTimes
0.6249,Thu Jun 28 02:10:25 +0000 2018,0.788,0.0,0.212,RT @TheSteinLine: The Mavericks are actively exploring trade scenarios with the Clippers and former flame DeAndre Jordan in hopes of tradin‚Ä¶,407,@NYTimes
-0.9042,Thu Jun 28 02:02:07 +0000 2018,0.616,0.384,0.0,"Only in America, getaway drivers and lookouts can face the same penalty for a death as the killer. California is ha‚Ä¶ https://t.co/HZbnXVNxOu",408,@NYTimes
0.1655,Thu Jun 28 01:47:06 +0000 2018,0.927,0.0,0.073,RT @anahadoconnor: Many cities enacted soda taxes to reduce sugar intake and increase their revenues. But now the soda industry is fighting‚Ä¶,409,@NYTimes
0.0,Thu Jun 28 01:32:06 +0000 2018,1.0,0.0,0.0,A guide to some of the biggest blockchain projects outside of Bitcoin https://t.co/T6fXAQG8ML,410,@NYTimes
0.0,Thu Jun 28 01:17:07 +0000 2018,1.0,0.0,0.0,"RT @NYTMetro: Alexandria Ocasio-Cortez can add instant political rock star to a r√©sum√© that up to now included waitress, bartender, childre‚Ä¶",411,@NYTimes
0.0,Thu Jun 28 01:02:06 +0000 2018,1.0,0.0,0.0,Evening Briefing: Here's what you need to know at the end of the day https://t.co/zZ5UA7U9JV,412,@NYTimes
0.5719,Thu Jun 28 00:47:04 +0000 2018,0.837,0.0,0.163,"In Mexico City, hundreds of fans celebrated outside the South Korea embassy, lifting the consul general on their sh‚Ä¶ https://t.co/h4h6gS21nk",413,@NYTimes
0.0,Thu Jun 28 00:41:04 +0000 2018,1.0,0.0,0.0,"RT @ShaneGoldmacher: NEW: The last poll Joe Crowley took showed up leading by  **36 points** in early June.

My story inside the Crowley co‚Ä¶",414,@NYTimes
0.0,Thu Jun 28 00:32:07 +0000 2018,1.0,0.0,0.0,"On a big day in the World Cup, here‚Äôs a diversion: We removed the ball from photos of group-stage games. See if you‚Ä¶ https://t.co/PjBxxz2DxG",415,@NYTimes
0.6705,Thu Jun 28 00:17:05 +0000 2018,0.686,0.0,0.314,"RT @emilybazelon: Well, here are my thoughts on the retirement of Justice Kennedy.

https://t.co/4vEYBgHMZK",416,@NYTimes
-0.4215,Thu Jun 28 00:02:07 +0000 2018,0.882,0.118,0.0,A Kansas City immigration lawyer said she broke her foot after being pushed to the ground by an ICE officer. She wa‚Ä¶ https://t.co/utMRWvXuEX,417,@NYTimes
0.5574,Wed Jun 27 23:47:06 +0000 2018,0.735,0.0,0.265,The front-runners and full list of potential Supreme Court nominees https://t.co/zxRZ41GWLu,418,@NYTimes
-0.7096,Wed Jun 27 23:32:06 +0000 2018,0.781,0.219,0.0,"Terry Crews says he won't be in ""The Expendables 4"" after a producer tried to get him to drop his sexual assault la‚Ä¶ https://t.co/zTlHKBR7KL",419,@NYTimes
-0.3818,Wed Jun 27 23:17:04 +0000 2018,0.89,0.11,0.0,"RT @nytopinion: My father, Fred Korematsu, would have been upset that the court overturned his case only to uphold President Trump‚Äôs travel‚Ä¶",420,@NYTimes
-0.2263,Wed Jun 27 23:03:03 +0000 2018,0.905,0.095,0.0,"In 1983, the slashed, scarred body of a 23-year-old black man was discovered in a grassy roadside area in a Georgia‚Ä¶ https://t.co/k51to4KlDm",421,@NYTimes
0.0,Wed Jun 27 22:47:05 +0000 2018,1.0,0.0,0.0,Evening Briefing: Here's what you need to know at the end of the day https://t.co/ejfYV4pKni,422,@NYTimes
-0.3182,Wed Jun 27 22:32:05 +0000 2018,0.897,0.103,0.0,"The world‚Äôs tropical forests lost roughly 39 million acres of trees last year, an area roughly the size of Banglade‚Ä¶ https://t.co/3xx3rdpeNY",423,@NYTimes
0.3612,Wed Jun 27 22:17:04 +0000 2018,0.889,0.0,0.111,"RT @nytvideo: ‚ÄúWomen like me aren‚Äôt supposed to run for office,‚Äù Alexandria Ocasio-Cortez said in a campaign video last month. In a stunnin‚Ä¶",424,@NYTimes
0.5994,Wed Jun 27 22:01:06 +0000 2018,0.794,0.0,0.206,"Germany, the defending World Cup champion, took its earliest exit from the tournament since 1938 https://t.co/e0hFEMidIb",425,@NYTimes
0.0,Wed Jun 27 21:51:05 +0000 2018,1.0,0.0,0.0,"RT @NYTSports: For women who work as sports reporters, #MeToo isn‚Äôt just a movement, it‚Äôs often their everyday reality. https://t.co/o0YbUp‚Ä¶",426,@NYTimes
0.0516,Wed Jun 27 21:42:02 +0000 2018,0.714,0.112,0.173,"13 years after escaping from a Wichita zoo, No. 492 is the flamingo that keeps on surviving https://t.co/7uhrgQx1hJ",427,@NYTimes
-0.7184,Wed Jun 27 21:26:06 +0000 2018,0.76,0.24,0.0,RT @malachybrowne: A peek behind our investigation into claims by Syrian and Russian officials that the chemical weapons attack in Douma on‚Ä¶,428,@NYTimes
0.0,Wed Jun 27 21:11:44 +0000 2018,1.0,0.0,0.0,"A year and a half after a New York Times correspondent was kicked out of Venezuela, he returned to see how people a‚Ä¶ https://t.co/7jChD5QJC5",429,@NYTimes
0.5994,Wed Jun 27 21:06:21 +0000 2018,0.803,0.0,0.197,"On the streets of Caracas, homeless kids play with a wad of bol√≠var bills like it‚Äôs Monopoly money. All of this isn‚Ä¶ https://t.co/a27fQZPuyJ",430,@NYTimes
-0.743,Wed Jun 27 21:03:18 +0000 2018,0.674,0.326,0.0,Runaway inflation has thrown Venezuela into chaos and made food and medicine desperately scarce‚Ä¶ https://t.co/p8Vk9of1Z1,431,@NYTimes
-0.8316,Wed Jun 27 20:55:02 +0000 2018,0.672,0.328,0.0,The police officer who killed Antwon Rose failed basic police procedures and made statements to investigators that‚Ä¶ https://t.co/yLyFUvUOwL,432,@NYTimes
-0.3612,Wed Jun 27 20:40:06 +0000 2018,0.878,0.122,0.0,Trump administration officials that it would be difficult to comply with the timetable in a federal court order req‚Ä¶ https://t.co/WnK6hCWr9w,433,@NYTimes
0.0,Wed Jun 27 20:25:03 +0000 2018,1.0,0.0,0.0,Stories of how we communicate about sex and intimacy are rare. That‚Äôs where you come in. https://t.co/WgP4PnJa0m,434,@NYTimes
0.7269,Wed Jun 27 20:14:57 +0000 2018,0.724,0.0,0.276,Breaking News: Senate Majority Leader Mitch McConnell promised a quick vote on a Supreme Court nominee by fall. Dem‚Ä¶ https://t.co/5TmPPJ6Glh,435,@NYTimes
0.2263,Wed Jun 27 20:10:05 +0000 2018,0.741,0.111,0.148,Teachers‚Äô unions could lose up to a third of their members and funding as a result of the Supreme Court decision https://t.co/cPDS7sOlgc,436,@NYTimes
-0.5574,Wed Jun 27 19:55:03 +0000 2018,0.753,0.247,0.0,Thousands of fans gathered in Florida for a memorial service to mourn the controversial rapper XXXTentacion https://t.co/S7EzgTBuL1,437,@NYTimes
0.2732,Wed Jun 27 19:40:12 +0000 2018,0.775,0.092,0.133,"RT @nytopinion: What does the Supreme Court decision on unions mean? Several takes here:

""Workers are standing up and fighting, and they h‚Ä¶",438,@NYTimes
0.5267,Wed Jun 27 19:25:04 +0000 2018,0.805,0.0,0.195,Mitch McConnell said the Senate would vote to replace Justice Anthony Kennedy this fall https://t.co/DbdzxTgpnE,439,@NYTimes
0.0,Wed Jun 27 19:10:08 +0000 2018,1.0,0.0,0.0,Switzerland dominated possession in the first half of their match against Costa Rica. But as Germany showed earlier‚Ä¶ https://t.co/DU2HxkLmhp,440,@NYTimes
0.0,Wed Jun 27 18:55:07 +0000 2018,1.0,0.0,0.0,Benicio Del Toro is now one of only a few Latinos to headline a film franchise released by Hollywood https://t.co/Uxz6HFiZhH,441,@NYTimes
0.296,Wed Jun 27 18:42:34 +0000 2018,0.872,0.0,0.128,"There are over 100,000 people on the waiting list to join the dating app Raya https://t.co/FLQ5gZWbm5",442,@NYTimes
0.6124,Wed Jun 27 18:25:03 +0000 2018,0.792,0.0,0.208,The U.S. Open is revamping its seeding process to protect women returning to the court after giving birth. Serena W‚Ä¶ https://t.co/NULz1eKCTz,443,@NYTimes
0.5574,Wed Jun 27 18:11:25 +0000 2018,0.841,0.0,0.159,"Breaking News: Anthony Kennedy is retiring from the Supreme Court. He was often the swing vote, and President Trump‚Ä¶ https://t.co/ojdg7urbeq",444,@NYTimes
-0.5859,Wed Jun 27 18:00:01 +0000 2018,0.73,0.27,0.0,Breaking News: The House overwhelmingly rejected a major immigration overhaul. A last-minute plea from President Tr‚Ä¶ https://t.co/FaJ105bHjK,445,@NYTimes
0.0,Wed Jun 27 17:53:39 +0000 2018,1.0,0.0,0.0,Here‚Äôs a look at how each team can make the round of 16 https://t.co/FF4ZdmV9tn,446,@NYTimes
0.5859,Wed Jun 27 17:51:56 +0000 2018,0.847,0.0,0.153,Both Brazil and Serbia are looking for a win in order to advance to the World Cup round of 16. Expect a competitive‚Ä¶ https://t.co/R0oPoZy7sv,447,@NYTimes
0.0,Wed Jun 27 17:35:03 +0000 2018,1.0,0.0,0.0,A member of Brazil's soccer federation was sent home to Brazil after smashing a glass on a fan's head. And you thou‚Ä¶ https://t.co/Y4Qp3sr2BZ,448,@NYTimes
-0.5574,Wed Jun 27 17:20:10 +0000 2018,0.769,0.231,0.0,"Joe Jackson, the father and manager of the Jackson 5, has died https://t.co/ZWhxupoKYU",449,@NYTimes
-0.5423,Wed Jun 27 17:06:46 +0000 2018,0.698,0.233,0.07,"The man accused of driving his car into people protesting a white supremacist rally in Charlottesville, Virginia wa‚Ä¶ https://t.co/uxsXz1QqDB",450,@NYTimes
0.0,Wed Jun 27 16:54:00 +0000 2018,1.0,0.0,0.0,Breaking News: President Trump and President Vladimir Putin of Russia will hold a summit soon. The planned meeting‚Ä¶ https://t.co/gdRwE4Gd1z,451,@NYTimes
0.7845,Wed Jun 27 16:45:58 +0000 2018,0.655,0.0,0.345,Breaking News: The Justice Department approved Disney's $71 billion bid for 21st Century Fox's assets. The decision‚Ä¶ https://t.co/zWAST0A14E,452,@NYTimes
-0.7717,Wed Jun 27 16:28:06 +0000 2018,0.739,0.261,0.0,"Bill Shine, ousted from Fox News for his handling of sexual harassment scandals, is expected to be offered the top‚Ä¶ https://t.co/TZhweMpySJ",453,@NYTimes
-0.9001,Wed Jun 27 16:13:05 +0000 2018,0.556,0.369,0.075,"The California Supreme Court calls it a ‚Äúbarbaric‚Äù rule from a ‚Äúbygone age."" But the felony murder rule is still th‚Ä¶ https://t.co/q7lRQibKIB",454,@NYTimes
-0.1779,Wed Jun 27 15:58:45 +0000 2018,0.655,0.204,0.142,"Germany, the defending World Cup champion, lost to South Korea and failed to advance out of the group stage. Mexico‚Ä¶ https://t.co/ath6QUMX4R",455,@NYTimes
0.5994,Wed Jun 27 15:56:33 +0000 2018,0.843,0.0,0.157,"Video review has come to the World Cup, and it probably just knocked the defending champion Germany out of the tour‚Ä¶ https://t.co/Jl9sDRbvIG",456,@NYTimes
-0.5423,Wed Jun 27 15:53:06 +0000 2018,0.667,0.235,0.098,RT @nytopinion: Does Donald Trump fear foreigners invading America like he fears germs contaminating his body? Watch Episode 3 of @realtrum‚Ä¶,457,@NYTimes
0.0,Wed Jun 27 15:49:03 +0000 2018,1.0,0.0,0.0,Because Slack is down and you might have to actually talk to your coworkers ¬Ø\_(„ÉÑ)_/¬Ø https://t.co/W52HIDHdEf,458,@NYTimes
-0.8271,Wed Jun 27 15:43:02 +0000 2018,0.599,0.401,0.0,A police officer was charged with criminal homicide in the fatal shooting of teenager Antwon Rose  https://t.co/0qvGG0RSQ4,459,@NYTimes
0.0,Wed Jun 27 15:33:04 +0000 2018,1.0,0.0,0.0,RT @randyNYT: Notice the accent marks on Mexico's World Cup jerseys? A New York Times editor @apchavira did that: https://t.co/7169yQMwqw,460,@NYTimes
-0.1406,Wed Jun 27 15:23:06 +0000 2018,0.771,0.126,0.103,"Germany probably advances in the World Cup with a win, but might not, and probably doesn‚Äôt advance with a loss, but‚Ä¶ https://t.co/jAi6tGii3T",461,@NYTimes
0.3182,Wed Jun 27 15:13:03 +0000 2018,0.892,0.0,0.108,"RT @HannaIngber: Our politics editor, @patrickhealynyt, is inviting readers to ask him questions about how we're covering the midterms. Ple‚Ä¶",462,@NYTimes
-0.4019,Wed Jun 27 15:03:06 +0000 2018,0.863,0.137,0.0,Russia demonstrated that one response to fielding an unwelcome question is to ask a different question. And another‚Ä¶ https://t.co/uaabtuxMS1,463,@NYTimes
-0.2204,Wed Jun 27 14:58:26 +0000 2018,0.925,0.075,0.0,"RT @mattfleg: Was just going back through some notes from our chat w/ @Ocasio2018 many weeks ago. This stood out: ""There‚Äôs this weird mascu‚Ä¶",464,@NYTimes
-0.714,Wed Jun 27 14:43:02 +0000 2018,0.727,0.218,0.055,"""The violent act of a fan is sad,"" she wrote, but what is even worse, she added, is the reaction of those who do no‚Ä¶ https://t.co/FYiFx0HKyj",465,@NYTimes
0.4215,Wed Jun 27 14:33:06 +0000 2018,0.865,0.0,0.135,Mexico and Sweden are hoping to clinch advancement to the second round of World Cup. Chicharito (Javier Hernandez)‚Ä¶ https://t.co/gad8LqyAW5,466,@NYTimes
-0.4404,Wed Jun 27 14:23:04 +0000 2018,0.791,0.149,0.06,"RT @mwolgelenter: ‚ÄúThe enemies of a meat-based diet want to consign humanity to grains.‚Äù @alissanyt, on French butchers seeking protection‚Ä¶",467,@NYTimes
0.5574,Wed Jun 27 14:13:14 +0000 2018,0.841,0.0,0.159,"Breaking News: The Supreme Court dealt a major blow to labor unions, ruling 5-4 that government workers can‚Äôt be re‚Ä¶ https://t.co/Iyqs5AYU82",468,@NYTimes
0.0,Wed Jun 27 14:00:05 +0000 2018,1.0,0.0,0.0,"RT @fstockman: A primer for what happened last night in NY. ‚ÄòYes, I‚Äôm Running as a #Socialist.‚Äô Why Candidates Are Embracing the Label in 2‚Ä¶",469,@NYTimes
0.4201,Wed Jun 27 13:45:07 +0000 2018,0.896,0.0,0.104,"RT @NYTSports: The Mexican player known as ""Chucky"" has been a nightmare for opponents at the World Cup. And there may be more like him on‚Ä¶",470,@NYTimes
0.0,Wed Jun 27 13:31:02 +0000 2018,1.0,0.0,0.0,The murals started appearing quietly in Paris last week. Now they're confirmed as the work of Banksy ‚Äî and the race‚Ä¶ https://t.co/eZoGJjSDeq,471,@NYTimes
-0.2023,Wed Jun 27 13:21:06 +0000 2018,0.727,0.155,0.118,The search for a dozen boys and their soccer coach trapped in a flooded cave complex has captivated Thailand https://t.co/1LQB1CFzM0,472,@NYTimes
0.0,Wed Jun 27 13:10:41 +0000 2018,1.0,0.0,0.0,"A year and a half after a New York Times correspondent was kicked out of Venezuela, he returned to see how people a‚Ä¶ https://t.co/HtNogoyDhd",473,@NYTimes
0.0,Wed Jun 27 13:00:19 +0000 2018,1.0,0.0,0.0,Morning¬†Briefing: Here's what you need to know to start your day https://t.co/EfR5ZryQxl https://t.co/zqewCJApCz,474,@NYTimes
-0.6597,Wed Jun 27 12:44:03 +0000 2018,0.812,0.188,0.0,"A shooting in which a woman gunned down four of her relatives, killing two, has rattled Hong Kong, a city where suc‚Ä¶ https://t.co/xaDP4Jo42X",475,@NYTimes
-0.0516,Wed Jun 27 12:30:04 +0000 2018,0.734,0.138,0.128,"President Trump has chosen a more moderate approach to limit Chinese investments in the United States, rejecting mo‚Ä¶ https://t.co/K423hIY9vc",476,@NYTimes
-0.4588,Wed Jun 27 12:16:06 +0000 2018,0.864,0.136,0.0,"""The unfortunate reality is that under the present system, migrant children are not accounted for with the same eff‚Ä¶ https://t.co/bx2vRTeyEn",477,@NYTimes
0.3612,Wed Jun 27 11:50:04 +0000 2018,0.828,0.0,0.172,A political revolution ‚Äî or something like it ‚Äî just rippled through New York City https://t.co/Y0F0wPNONI,478,@NYTimes
0.5574,Wed Jun 27 11:41:06 +0000 2018,0.825,0.0,0.175,The Korematsu ruling was an exceedingly rare modern example in which the Supreme Court explicitly upheld government‚Ä¶ https://t.co/yUWSZBmg3Y,479,@NYTimes
-0.5574,Wed Jun 27 11:30:03 +0000 2018,0.461,0.329,0.211,"Justice Sonia Sotomayor condemned the travel ban as ""harrowing"" and ""motivated by hostility and animus toward the M‚Ä¶ https://t.co/JqxzB2lrOo",480,@NYTimes
-0.5574,Wed Jun 27 11:20:03 +0000 2018,0.806,0.194,0.0,RT @nytgraphics: Charts illustrating some of the effects of Trump's travel ban so far:  https://t.co/6a3wAmRUPn https://t.co/eqWjGnfI8r,481,@NYTimes
0.3182,Wed Jun 27 11:11:07 +0000 2018,0.612,0.147,0.241,What the Supreme Court's endorsement of the travel ban says about the extent of the president's power https://t.co/jsDBQuSBQD,482,@NYTimes
-0.3447,Wed Jun 27 11:00:06 +0000 2018,0.672,0.328,0.0,"Fact check: No, Democrats don't want ""open borders"" https://t.co/91CrZV9ahM",483,@NYTimes
0.0,Wed Jun 27 10:44:06 +0000 2018,1.0,0.0,0.0,Results for elections in 7 states https://t.co/MAme5UnNmP https://t.co/sXLPiAvuny,484,@NYTimes
0.0,Wed Jun 27 10:30:12 +0000 2018,1.0,0.0,0.0,"""I knew that it was long odds, and I knew that it was uphill, but I always knew it was possible,"" Alexandria Ocasio‚Ä¶ https://t.co/Nhy8yHPad6",485,@NYTimes
0.0,Wed Jun 27 10:16:02 +0000 2018,1.0,0.0,0.0,"The seized items included $30 million in cash, 2,800 pairs of earrings, 2,200 rings, 2,100 bangles, 1,600 brooches,‚Ä¶ https://t.co/zRJ8B871Xz",486,@NYTimes
0.0,Wed Jun 27 10:00:13 +0000 2018,1.0,0.0,0.0,Morning¬†Briefing: Here's what you need to know to start your day https://t.co/aTMTe1uUWB https://t.co/e8MWX047Hr,487,@NYTimes
-0.4939,Wed Jun 27 09:44:02 +0000 2018,0.868,0.132,0.0,"""The odds are that Trump will deliver a G-7 performance. And I fear that we will come out of this summit with symbo‚Ä¶ https://t.co/ARkcwTr80i",488,@NYTimes
0.0,Wed Jun 27 09:30:06 +0000 2018,1.0,0.0,0.0,"""It's surreal,"" Alexandria Ocasio-Cortez said as the votes were being tallied https://t.co/9QOMSSi0yQ",489,@NYTimes
0.25,Wed Jun 27 09:15:07 +0000 2018,0.69,0.155,0.155,"""There was no divine intervention here. Just hard, human work. Argentina made it. Messi made it,"" @RorySmith writes https://t.co/4vq9QC4Yhc",490,@NYTimes
0.0,Wed Jun 27 09:00:04 +0000 2018,1.0,0.0,0.0,"French butchers wrote that ""physical, verbal, and moral violence‚Äù against them was ""neither more nor less than a fo‚Ä¶ https://t.co/ma5AGPkE3G",491,@NYTimes
-0.6249,Wed Jun 27 08:44:01 +0000 2018,0.843,0.157,0.0,"RT @nytimesworld: Remember the ""ecce homo"" in Spain that was one of the worst restoration projects in modern history? It has new competitio‚Ä¶",492,@NYTimes
0.0,Wed Jun 27 08:30:09 +0000 2018,1.0,0.0,0.0,"There's a lot of trash in the ocean these days. But which of these items is most frequently found on beaches?
‚Ä¢ Str‚Ä¶ https://t.co/816BGF7zsk",493,@NYTimes
0.7003,Wed Jun 27 08:15:09 +0000 2018,0.775,0.0,0.225,RT @nytimesworld: Malta says it will let a rescue ship carrying hundreds of African migrants dock ‚Äî if other European countries agree to ta‚Ä¶,494,@NYTimes
0.0,Wed Jun 27 08:02:02 +0000 2018,1.0,0.0,0.0,"McKinsey is a keeper of secrets the world over. But in South Africa, its culture of confidentiality helped ensnare‚Ä¶ https://t.co/fe85ixkHpJ",495,@NYTimes
-0.1027,Wed Jun 27 07:47:08 +0000 2018,0.833,0.092,0.075,These photos from the World Cup are missing one important element ‚Äì the ball. See if you can guess where it was.‚Ä¶ https://t.co/yTduHCwFOO,496,@NYTimes
0.0,Wed Jun 27 07:32:02 +0000 2018,1.0,0.0,0.0,The murals started appearing quietly in Paris last week. Now they're confirmed as the work of Banksy ‚Äî and the race‚Ä¶ https://t.co/5a5tfayiCs,497,@NYTimes
-0.5653,Wed Jun 27 07:17:01 +0000 2018,0.656,0.235,0.109,500 died. 50 villages destroyed. Tens of thousands displaced. Yet this is not a war zone. It is farm country in Nig‚Ä¶ https://t.co/affhI8Tseq,498,@NYTimes
0.0,Wed Jun 27 07:15:10 +0000 2018,1.0,0.0,0.0,Who Is Alexandria Ocasio-Cortez? A Democratic Giant Slayer https://t.co/RKe0g4XUGF,499,@NYTimes
0.0,Wed Jun 27 07:02:04 +0000 2018,1.0,0.0,0.0,A dozen Australian politicians were treated to lavish overseas trips by a Chinese technology company that is alread‚Ä¶ https://t.co/8vhhubGV8B,500,@NYTimes
